,Origin,Destination,Distance,Time
0,5452,7307,300,5
1,7801,8810,58,1
2,6279,11741,170,3
3,8817,8832,7,0
4,7606,17057,183,3
5,13601,13748,149,2
6,3053,19341,362,6
7,5452,14586,319,6
8,7307,7606,10,1
9,2554,13209,406,9
10,19454,2379,316,5
11,8832,11236,34,1
12,6095,12144,104,2
13,1022,10523,127,2
14,8691,7606,65,1
15,14845,11741,288,4
16,13601,15639,454,7
17,17339,18067,101,2
18,3053,11741,275,4
19,10523,13209,247,4
20,4072,15639,641,10
21,10523,11741,64,1
22,8007,5452,387,7
23,1887,1887,0,0
24,3561,4005,178,3
25,1505,12144,138,2
26,7307,8817,32,1
27,16415,13748,282,4
28,4730,11211,562,8
29,11714,3053,255,4
30,1887,11239,225,4
31,2554,2554,0,0
32,19341,8832,94,1
33,17922,6074,260,4
34,16415,1760,537,8
35,2771,11211,188,3
36,1887,8817,257,4
37,13601,4072,430,7
38,8832,17756,181,3
39,10913,17756,194,3
40,14219,1532,432,6
41,3561,12144,213,4
42,4730,8007,652,10
43,3784,6279,168,3
44,1505,6279,52,1
45,3053,14219,487,7
46,1505,1505,0,0
47,7606,16323,345,5
48,7801,3561,370,6
49,6279,7801,171,3
50,1887,11101,218,4
51,8007,3053,334,5
52,17922,7606,140,2
53,1022,1887,97,2
54,10523,8832,54,1
55,8817,1760,231,4
56,13403,1760,247,4
57,6095,4005,189,3
58,6279,1887,89,1
59,8817,1887,256,4
60,2771,7307,190,4
61,19113,6492,193,3
62,1887,3561,140,2
63,15801,18067,217,3
64,14845,6457,286,4
65,10913,16063,409,6
66,2771,14845,362,5
67,4730,11714,575,9
68,17756,16415,267,4
69,17922,16063,271,4
70,11101,7307,7,0
71,1760,19454,297,5
72,2554,19113,387,9
73,3784,4730,412,6
74,17922,19154,102,2
75,8691,1022,212,4
76,8810,14219,383,6
77,17756,8817,177,3
78,6074,8817,158,3
79,17756,17756,0,0
80,4072,1505,117,2
81,12901,19113,406,6
82,16063,19154,338,5
83,1532,16415,528,8
84,16063,17339,232,3
85,3053,6095,134,2
86,8007,19341,43,1
87,7801,14586,299,4
88,8832,7307,25,1
89,16415,17922,318,5
90,13403,17339,287,5
91,2379,7307,224,4
92,18067,7606,94,2
93,3784,10913,253,4
94,3466,17057,385,6
95,1760,8832,227,4
96,1862,6074,100,2
97,11211,12144,158,3
98,19454,13209,239,4
99,11239,19154,89,2
100,8832,10913,50,1
101,15801,14845,199,3
102,11211,1760,199,3
103,7307,11211,7,0
104,1862,1022,96,2
105,7307,10523,32,1
106,2554,11239,286,7
107,3466,14219,372,6
108,14219,15639,239,4
109,15639,14219,239,4
110,1862,6095,111,2
111,12901,14586,316,5
112,8007,17339,123,4
113,3561,19454,437,7
114,8691,8691,0,0
115,14219,11714,406,7
116,8832,8007,65,1
117,14219,12901,385,6
118,12144,13403,100,2
119,7801,7801,0,0
120,7606,2346,218,3
121,7307,8691,57,1
122,3466,16063,554,9
123,13601,7307,314,5
124,16415,1887,562,8
125,13748,12144,139,2
126,13601,14586,150,2
127,1505,8832,213,3
128,7307,7307,0,0
129,13209,10523,247,4
130,2771,2771,0,0
131,14845,1760,347,5
132,2379,17057,395,6
133,15639,15801,96,2
134,11714,17756,214,3
135,2346,13209,334,5
136,11741,11741,0,0
137,1532,8817,224,4
138,11239,8817,40,1
139,14219,5452,388,7
140,19154,11211,84,2
141,8007,11239,98,2
142,3053,6615,181,3
143,3561,11236,345,5
144,4072,10523,278,4
145,3466,1532,79,2
146,3053,6492,153,2
147,13601,11211,319,5
148,1760,8817,235,4
149,6457,6279,39,1
150,8817,13748,167,3
151,8007,17756,180,3
152,14219,3561,497,8
153,13601,13403,84,2
154,2379,2346,12,0
155,8007,19154,25,1
156,13601,11236,327,5
157,16063,6095,504,7
158,3053,10523,221,3
159,6492,6457,14,0
160,4072,6492,211,3
161,16063,18067,311,5
162,3561,19341,459,7
163,14845,16323,223,4
164,6095,6095,0,0
165,15801,3784,532,8
166,6615,17339,247,4
167,13601,17339,336,5
168,11101,2379,214,3
169,8832,6615,90,2
170,2379,11239,220,4
171,15801,6279,410,6
172,18067,3053,338,5
173,19341,6279,257,4
174,17756,8832,181,3
175,13403,2346,281,4
176,8817,12144,173,3
177,1760,3466,92,2
178,3466,1022,65,1
179,6279,15801,410,6
180,8007,2379,308,5
181,17339,5452,461,8
182,11236,19341,126,2
183,16415,12901,480,8
184,8810,4072,348,5
185,2554,17057,462,10
186,4072,10913,290,5
187,7307,6492,97,2
188,7801,1760,230,4
189,10523,16415,444,6
190,4005,11211,301,5
191,1532,11741,220,4
192,7606,15801,280,4
193,8810,16063,366,5
194,6074,16415,492,7
195,13209,1505,286,4
196,8817,19154,52,1
197,11236,4072,310,5
198,19454,3053,342,5
199,14586,8817,328,5
200,1887,12144,175,3
201,3784,7307,269,4
202,14586,1505,362,5
203,18067,6457,198,3
204,3561,19113,444,7
205,13403,6615,235,4
206,17922,17057,56,1
207,1760,19341,318,5
208,14219,6074,398,6
209,7801,16323,316,5
210,15639,19113,281,4
211,10523,6074,104,2
212,12144,16415,389,6
213,4730,1022,436,6
214,19154,13748,180,3
215,16415,6615,484,7
216,2771,14586,389,6
217,14845,10523,231,4
218,8817,13403,267,4
219,14586,6279,355,5
220,3784,13403,228,4
221,7307,2379,224,4
222,15801,1887,494,7
223,19454,6095,221,4
224,8007,11714,124,2
225,19454,10913,120,2
226,19454,1022,250,4
227,18067,19341,71,1
228,6279,8817,174,3
229,8832,6074,151,2
230,19113,19154,25,1
231,3784,7606,262,4
232,7801,4005,332,5
233,19113,8832,78,1
234,6457,1532,88,1
235,7307,18067,85,2
236,4730,6457,463,7
237,2346,18067,308,5
238,1862,8007,313,5
239,14845,11714,270,4
240,7307,6279,145,2
241,11714,17922,168,3
242,18067,11741,147,3
243,16063,6074,504,7
244,17922,4072,440,7
245,11211,11236,7,0
246,8817,7307,32,1
247,6615,10523,43,1
248,6492,8832,117,2
249,19154,11741,135,2
250,4072,17756,449,7
251,8832,19454,73,1
252,4072,14845,450,7
253,6457,16063,490,7
254,1505,18067,275,4
255,7606,14586,328,5
256,1022,1532,62,1
257,8691,2346,278,4
258,1760,6492,110,2
259,6615,3053,182,3
260,18067,14219,328,5
261,15801,3466,475,7
262,13601,16323,364,5
263,19154,11714,116,2
264,11211,11239,7,0
265,2346,3561,192,3
266,19113,19454,38,1
267,6457,3561,238,4
268,13403,4005,349,5
269,11239,15801,311,5
270,11714,3784,273,4
271,11714,6492,101,2
272,7801,10523,56,1
273,11714,8832,58,1
274,18067,17057,95,2
275,13209,7606,247,4
276,4005,17057,478,7
277,8007,16323,349,5
278,11714,10523,43,1
279,7307,11101,7,0
280,8832,11741,81,2
281,3561,1760,168,3
282,17756,18067,114,2
283,13601,17922,281,4
284,8007,8691,39,1
285,16415,4005,639,9
286,13403,6457,224,3
287,6492,4005,209,3
288,14845,4005,449,6
289,12901,6615,298,5
290,14586,17057,261,4
291,4005,10523,277,4
292,2379,17756,379,6
293,2771,15801,468,7
294,14219,6279,423,6
295,7801,11714,73,1
296,3053,16415,582,8
297,4005,2346,131,2
298,1022,7606,152,3
299,11741,17057,232,4
300,7801,16063,362,5
301,11236,16415,434,7
302,3561,11741,372,6
303,11211,11741,50,1
304,11101,8832,32,1
305,4072,16415,640,9
306,1887,15801,494,7
307,19113,6095,227,4
308,17339,7801,171,3
309,4005,7801,332,5
310,11236,8817,39,1
311,19154,1887,304,5
312,3561,4730,309,6
313,10523,7606,25,1
314,6074,13748,240,4
315,2554,10913,275,7
316,4072,17057,480,7
317,11714,1760,209,3
318,15801,19454,254,4
319,19154,11239,89,2
320,6279,11714,152,3
321,3561,17339,522,8
322,11714,10913,47,1
323,17756,1505,334,5
324,2771,6615,126,2
325,1862,2379,50,1
326,7801,11236,47,1
327,14219,14586,75,1
328,14219,16323,148,2
329,8832,15801,285,4
330,6279,4730,428,6
331,7307,4005,307,5
332,2379,12144,183,3
333,7606,1532,187,3
334,1505,14586,362,5
335,17756,6492,267,4
336,5452,12144,157,3
337,8691,15639,303,5
338,4072,2346,132,2
339,8832,12144,169,3
340,2346,16063,616,9
341,19454,15801,253,4
342,8817,14219,374,6
343,10523,18067,117,2
344,19154,17339,122,2
345,15801,6074,395,6
346,4730,19341,680,10
347,16415,11239,451,7
348,19341,12901,405,6
349,18067,6279,232,4
350,11239,19454,104,2
351,3561,7801,372,6
352,14219,6615,409,7
353,18067,3784,356,6
354,5452,13748,281,5
355,1862,14845,372,5
356,1862,16063,605,9
357,14219,1760,442,6
358,15801,8832,283,4
359,12144,1505,139,2
360,11239,1505,189,3
361,15801,11714,319,5
362,16063,15639,59,1
363,3784,13748,268,5
364,14586,8832,332,5
365,17922,16323,248,4
366,6615,17756,239,4
367,14586,16415,169,3
368,16063,2379,612,9
369,4005,19454,398,6
370,11211,1887,223,4
371,1505,13209,286,4
372,2771,19454,286,5
373,6074,12144,106,2
374,7307,8832,25,1
375,1760,3561,167,3
376,18067,4730,656,10
377,6457,17339,289,5
378,15801,8810,287,5
379,19454,8007,40,1
380,11239,2346,222,4
381,11101,6095,119,2
382,6492,6279,48,1
383,5452,1022,207,3
384,13209,16415,245,4
385,19154,7307,78,1
386,1532,13748,278,4
387,11239,13748,195,3
388,11211,5452,349,5
389,1887,19454,319,5
390,11714,6615,73,1
391,6095,16415,491,7
392,19454,4072,402,6
393,5452,16323,533,9
394,1862,10913,211,3
395,13601,19154,328,5
396,1887,1505,43,1
397,7606,19154,86,1
398,6457,8810,151,3
399,12901,14219,383,6
400,8691,3784,322,5
401,8691,11714,93,2
402,3561,11714,354,5
403,4072,5452,239,4
404,19454,7606,102,2
405,1887,10913,211,3
406,8691,3466,266,4
407,8007,6492,180,3
408,11236,7606,32,1
409,3784,17057,442,7
410,3561,14586,432,7
411,12144,6095,104,2
412,11211,17756,184,3
413,13403,19341,278,5
414,4072,13403,351,5
415,4730,13209,663,10
416,8691,1532,247,4
417,11101,11741,50,1
418,13601,6492,310,5
419,1887,4072,89,1
420,11714,6279,149,3
421,4072,8832,329,5
422,4730,12144,514,7
423,1862,3053,32,1
424,19113,16063,336,5
425,3561,6615,278,4
426,2379,19154,298,5
427,11239,10523,37,1
428,8832,11239,34,1
429,2379,3466,122,3
430,17756,11239,206,3
431,4072,11101,298,5
432,3561,3561,0,0
433,1760,17057,378,6
434,13403,15639,439,6
435,8817,12901,333,5
436,15639,6615,405,6
437,5452,16063,568,9
438,13209,14845,89,2
439,2346,12144,186,3
440,11211,7307,7,0
441,6279,1862,88,1
442,8817,11236,40,1
443,19154,5452,379,6
444,2771,16323,533,8
445,16415,6492,501,7
446,13403,12901,187,3
447,10913,8810,70,1
448,16415,19113,422,6
449,13601,3561,350,6
450,4730,2379,382,6
451,13209,11101,257,4
452,17922,19454,78,1
453,19113,1532,291,5
454,7606,3561,337,5
455,7307,6095,132,3
456,3784,8832,291,5
457,14586,13748,165,2
458,2771,17339,368,9
459,3561,2379,181,3
460,11239,4072,308,5
461,17339,19113,117,2
462,3561,15639,680,10
463,16323,19154,343,5
464,13209,13403,58,1
465,17339,12901,467,7
466,16415,5452,483,8
467,19113,13748,185,3
468,4072,4005,1,0
469,14586,7606,328,5
470,8817,16063,382,6
471,19454,12144,211,3
472,7801,15639,316,5
473,3561,12901,126,3
474,3561,8007,428,7
475,1022,19154,232,4
476,2346,4005,130,2
477,13601,18067,267,4
478,17339,15639,178,3
479,6615,11741,94,2
480,1760,8810,247,4
481,6074,12901,265,4
482,13601,6074,280,5
483,4730,8810,609,9
484,7606,12901,295,4
485,14586,4072,480,7
486,19113,1022,255,4
487,3561,15801,610,9
488,10913,3561,329,5
489,2554,15639,624,12
490,2554,19154,365,8
491,6615,14845,274,4
492,17339,13748,189,3
493,16063,13209,329,5
494,13601,11741,371,6
495,6615,18067,152,3
496,11239,1887,226,4
497,6279,1532,53,1
498,13209,4072,406,6
499,4730,14586,739,11
500,8817,2379,251,4
501,11236,12901,331,5
502,16415,19341,366,6
503,16323,6279,475,7
504,8832,1022,179,3
505,11101,16063,400,6
506,8832,13209,252,4
507,6279,15639,479,7
508,3784,3784,0,0
509,18067,17756,114,2
510,17339,3053,429,7
511,12144,8810,190,3
512,17339,3561,522,8
513,8691,18067,90,2
514,17922,3466,342,5
515,5452,12901,29,1
516,8691,6279,198,3
517,4005,19341,419,6
518,14586,17922,252,4
519,8007,16063,339,5
520,11211,3053,245,4
521,8691,7307,57,1
522,4072,7801,334,5
523,11101,17756,186,3
524,6074,6615,61,1
525,18067,15639,257,4
526,1022,3561,197,3
527,4072,1887,86,1
528,2379,19454,314,5
529,18067,17922,52,1
530,8817,17922,118,2
531,11714,3466,216,4
532,11101,16415,431,6
533,19341,6095,242,4
534,19154,3784,344,5
535,12901,1532,257,4
536,11236,18067,106,2
537,6457,13748,224,4
538,15639,1887,564,9
539,17339,11714,219,4
540,2379,1505,62,1
541,6074,4005,178,3
542,8810,3561,382,6
543,6095,6279,27,1
544,19154,4005,382,6
545,1505,16415,524,8
546,6279,19454,236,4
547,13209,6492,285,4
548,2554,1532,129,5
549,8817,11714,66,1
550,16063,16415,95,1
551,16415,14219,98,1
552,6457,7606,104,2
553,19113,5452,400,7
554,14586,1887,399,6
555,14845,14219,142,2
556,17339,1532,372,6
557,2771,19113,292,5
558,6279,1505,52,1
559,2771,7606,185,4
560,15801,17756,126,2
561,6279,3784,166,3
562,6095,13209,252,4
563,8810,2379,262,4
564,8817,4072,337,5
565,8832,8810,22,0
566,3784,12144,135,3
567,2771,13403,263,4
568,13209,17339,271,4
569,1887,19154,303,5
570,3784,11741,295,5
571,18067,1887,317,5
572,11239,17339,203,3
573,16415,1532,527,8
574,13209,4730,664,10
575,1887,11714,236,4
576,17339,16063,232,3
577,14845,1022,280,4
578,18067,8817,75,1
579,6279,19341,257,4
580,14219,19113,384,6
581,15639,6074,465,7
582,19454,19154,25,1
583,11236,17339,203,3
584,8832,17057,163,2
585,3053,7307,251,4
586,3466,3561,139,2
587,4005,19154,382,6
588,3561,6074,220,3
589,6492,6615,29,1
590,14586,6457,351,5
591,14219,16415,97,1
592,3053,6279,109,2
593,13601,2771,339,6
594,18067,11101,99,2
595,4072,8810,348,5
596,15801,6457,379,6
597,11236,6492,96,2
598,1887,6492,132,2
599,16063,16323,57,1
600,11239,1532,191,3
601,1505,5452,232,3
602,8691,3053,304,5
603,2346,1022,107,2
604,19154,13403,278,5
605,14219,17057,293,5
606,12901,3561,124,3
607,8817,4005,333,5
608,13601,7606,312,5
609,1887,17339,407,6
610,13209,7307,249,4
611,6279,1760,64,1
612,15639,4072,646,10
613,11236,11714,29,1
614,15639,6457,446,7
615,13209,8691,282,4
616,7801,11741,91,2
617,11714,19113,136,2
618,8817,10913,55,1
619,11236,14586,341,6
620,1862,8832,250,4
621,10913,1022,143,2
622,14845,12144,199,3
623,2554,18067,373,9
624,1862,7801,254,4
625,14586,7307,329,5
626,12144,13209,151,2
627,3466,12901,180,3
628,16415,12144,389,6
629,11101,14219,382,6
630,7307,11741,56,1
631,6095,14219,395,6
632,12144,8817,172,3
633,3561,13748,344,6
634,6457,10913,93,2
635,16063,13748,360,5
636,8832,14219,377,6
637,8810,7307,43,1
638,15801,19154,278,4
639,7801,1022,183,3
640,17339,3466,390,6
641,15639,8832,326,5
642,16415,1505,524,8
643,8810,8810,0,0
644,6095,16063,504,7
645,4005,11101,296,5
646,8810,1505,229,4
647,6457,11239,107,2
648,13601,12144,176,3
649,12901,17057,461,7
650,7606,1022,152,3
651,19454,11239,106,2
652,11211,13403,252,4
653,4005,8817,336,5
654,2554,5452,313,7
655,1532,6457,89,1
656,7606,4005,300,5
657,14586,6615,371,6
658,7801,6457,137,2
659,14845,2346,382,5
660,7307,2346,225,4
661,15639,5452,618,10
662,17922,14219,296,5
663,10523,19154,107,2
664,3784,1532,137,2
665,11236,2379,223,4
666,7606,7307,10,1
667,1505,16063,568,8
668,1022,6492,60,1
669,1022,6615,88,1
670,4730,6095,451,7
671,8007,7606,94,3
672,7307,7801,35,1
673,8817,16415,423,6
674,11239,7606,30,1
675,13601,5452,193,4
676,8817,6615,96,2
677,15639,12901,624,9
678,2554,6492,216,6
679,15639,6095,464,7
680,7801,12144,150,2
681,8691,7801,73,1
682,2379,13209,332,5
683,2346,17057,397,6
684,11239,12901,328,5
685,3784,16415,517,8
686,10523,5452,289,5
687,16323,4005,637,10
688,1505,7606,185,3
689,17339,6615,247,4
690,2771,10523,169,3
691,14845,14586,104,2
692,3053,3466,89,2
693,6074,14586,330,5
694,10913,1505,176,3
695,8810,17922,127,2
696,11239,5452,352,5
697,5452,8832,322,6
698,10523,17339,209,3
699,2771,3053,86,1
700,8832,2346,245,4
701,1532,16323,525,8
702,10523,14586,328,5
703,13601,8007,334,5
704,2346,12901,285,5
705,6457,7307,111,2
706,19341,11741,172,3
707,3561,16323,645,10
708,2379,5452,242,4
709,10913,19341,141,2
710,4730,12901,510,8
711,1887,3053,29,1
712,1505,6615,123,2
713,19154,4072,386,6
714,15801,17922,175,3
715,4005,14845,450,7
716,4072,3561,109,3
717,6615,17057,241,4
718,16063,5452,567,9
719,17922,19341,60,1
720,8832,1505,213,3
721,12901,6074,267,4
722,19113,13209,267,4
723,13601,6457,301,5
724,2346,13748,322,5
725,12144,16323,440,7
726,4730,15639,902,13
727,2379,1887,46,1
728,11239,6095,126,2
729,8817,1022,185,3
730,19113,8817,73,1
731,3466,12144,86,2
732,11101,2346,214,3
733,16323,16323,0,0
734,3053,3561,113,2
735,11741,6457,137,2
736,12901,1022,244,4
737,3466,17339,390,6
738,2554,6074,185,5
739,12901,16323,529,8
740,13403,17057,281,5
741,5452,10523,289,5
742,4005,1532,111,2
743,3561,7307,345,5
744,16063,8832,379,6
745,8691,19113,53,1
746,17339,6279,322,5
747,1022,6074,30,1
748,13601,1022,257,4
749,17922,14586,258,4
750,2554,16323,628,12
751,19113,6074,227,4
752,12901,13209,240,4
753,13601,6095,278,5
754,11101,16323,354,5
755,1862,6279,88,1
756,18067,8691,91,2
757,11714,19154,114,2
758,12144,2346,185,3
759,2379,6457,131,2
760,2379,3561,181,3
761,11714,16063,428,6
762,8810,1760,242,4
763,1022,16323,485,7
764,4072,11741,332,5
765,19154,13209,262,4
766,7307,1887,229,4
767,17922,10523,161,3
768,6492,15801,369,6
769,16063,6457,488,7
770,11101,6074,120,2
771,3561,3784,80,1
772,11211,1532,188,3
773,15801,4005,572,8
774,11211,4072,304,5
775,17922,6492,226,4
776,2771,4072,138,2
777,4005,4072,1,0
778,4005,3784,150,2
779,11236,4005,306,5
780,8007,8832,65,1
781,1532,2346,55,1
782,2379,1022,104,2
783,1887,7606,222,4
784,3466,13748,218,4
785,3053,19154,325,5
786,19341,13748,181,3
787,11714,2379,228,4
788,10913,11236,42,1
789,6095,14586,328,5
790,2771,18067,278,5
791,8810,4005,344,5
792,19454,8691,43,1
793,1505,17339,370,6
794,4730,16063,944,14
795,2379,6074,109,2
796,6279,13209,277,4
797,8810,1022,196,3
798,1022,11741,182,3
799,1760,7307,205,3
800,8007,11741,144,2
801,18067,11239,111,2
802,7307,17922,131,2
803,6457,2379,132,2
804,8691,16415,437,6
805,7307,3466,213,3
806,10523,6615,43,1
807,11211,14219,380,6
808,8691,17922,120,2
809,17339,11236,203,3
810,1022,19341,269,4
811,2771,17756,364,6
812,15801,7606,280,4
813,8832,7606,32,1
814,14219,3053,488,7
815,8007,19454,40,1
816,4730,17756,711,11
817,13403,1022,180,3
818,6615,8832,91,2
819,17922,15801,183,3
820,19154,1532,270,4
821,13601,8832,316,5
822,16063,8810,366,5
823,13601,11101,322,5
824,18067,2771,278,5
825,8007,13748,187,3
826,1760,3053,56,1
827,15801,8007,284,4
828,11211,1505,186,3
829,17922,6457,240,4
830,5452,18067,365,6
831,7606,8817,40,1
832,14219,12144,294,4
833,11211,6095,123,2
834,11236,16063,411,6
835,2771,2379,33,1
836,7801,11101,42,1
837,11714,1505,196,3
838,6492,16323,434,7
839,8691,17339,140,2
840,2554,8817,319,8
841,2771,6492,124,2
842,16415,16323,62,1
843,4005,1887,86,1
844,11211,19454,102,2
845,8817,13209,249,4
846,1022,15801,420,6
847,11101,5452,344,5
848,6457,4730,462,7
849,16063,3053,624,9
850,3784,18067,352,6
851,12144,6074,107,2
852,7801,8832,43,1
853,11714,8817,65,1
854,3784,6074,143,2
855,19454,7801,76,2
856,19454,11714,131,2
857,8007,6095,217,5
858,12901,4005,270,5
859,7801,8817,47,1
860,8007,17922,100,2
861,2554,11101,280,7
862,19454,8832,73,1
863,1887,2346,58,1
864,2346,11741,250,4
865,8007,11236,98,2
866,13601,10913,307,5
867,6457,11714,118,2
868,2379,3053,70,1
869,12144,1022,84,1
870,17057,18067,94,2
871,1862,3466,83,2
872,7606,12144,134,2
873,17922,1022,288,5
874,7307,13209,249,4
875,2554,7606,282,7
876,4072,14586,478,7
877,12144,4005,253,4
878,13209,15801,278,5
879,3784,14219,422,7
880,14845,6095,301,4
881,13601,4005,426,7
882,11101,3053,240,4
883,4730,4730,0,0
884,11239,6279,142,2
885,19454,10523,123,2
886,16323,17057,226,4
887,6279,3053,111,2
888,8810,1532,231,4
889,14586,15801,197,3
890,1505,17057,364,6
891,11211,16415,429,6
892,12144,6457,127,2
893,6615,16323,407,6
894,14586,19113,346,5
895,19113,8810,60,1
896,1887,8810,268,4
897,2346,8832,247,4
898,8691,1760,258,4
899,4730,10913,551,8
900,14586,12901,318,5
901,3561,3053,113,2
902,3466,15801,476,7
903,19154,1505,267,4
904,5452,16415,482,8
905,16063,17922,272,4
906,18067,12144,216,3
907,15639,13209,388,6
908,11714,4005,311,5
909,3784,7801,295,5
910,19154,6095,204,3
911,2771,11714,202,3
912,6095,1022,30,1
913,15639,8817,329,5
914,1532,17057,367,6
915,8691,6074,183,3
916,6457,2771,104,2
917,6279,10523,116,2
918,19154,3466,288,5
919,8817,19113,73,1
920,11239,14586,358,5
921,11741,14219,431,7
922,14845,8832,234,4
923,8691,10913,82,1
924,2771,6457,104,2
925,3784,11101,260,4
926,3466,16415,468,7
927,4730,14219,806,12
928,12901,5452,29,1
929,18067,5452,370,6
930,17339,8007,122,4
931,15801,2346,504,7
932,11239,8810,54,1
933,6074,13209,254,4
934,1532,8810,236,4
935,13748,8832,168,3
936,11741,18067,144,3
937,11211,15801,288,5
938,8691,19454,43,1
939,7801,6095,155,3
940,13748,19154,181,3
941,2346,14219,477,7
942,12144,5452,157,3
943,11236,8810,53,1
944,10913,1532,178,3
945,10913,1760,190,3
946,4005,1022,174,3
947,17339,2379,402,6
948,17756,6279,287,5
949,6279,11239,142,2
950,4072,15801,573,8
951,4730,4072,263,4
952,11741,12144,196,3
953,1760,13209,301,4
954,12144,14219,294,4
955,4072,18067,390,6
956,3784,4005,150,2
957,16323,16415,62,1
958,10523,2346,199,3
959,11101,1532,184,3
960,17756,8810,185,3
961,10913,13209,242,4
962,10523,10523,0,0
963,5452,13209,244,5
964,4005,16063,683,10
965,1022,16415,470,7
966,1887,14219,465,7
967,2771,5452,257,4
968,12144,18067,212,3
969,11236,6279,144,2
970,13748,12901,287,4
971,17339,11239,203,3
972,1505,1022,59,1
973,2554,3784,225,6
974,18067,3561,432,7
975,2554,8810,330,8
976,8691,6615,123,2
977,2554,16415,645,12
978,10523,17057,206,3
979,8810,8817,12,0
980,17756,14219,216,4
981,1862,16415,561,8
982,19154,19341,44,1
983,13601,2379,358,6
984,11101,17339,189,3
985,2554,17756,459,10
986,11239,3466,209,3
987,8832,11101,32,1
988,2346,6279,99,2
989,8810,5452,341,6
990,8832,5452,324,6
991,13403,4072,354,5
992,11211,7606,21,1
993,11239,13209,277,4
994,17339,14586,260,4
995,8832,19154,58,1
996,12901,16063,564,9
997,15801,6095,393,6
998,19454,1887,321,5
999,2379,6279,97,2
1000,3561,8832,368,6
1001,6074,6457,24,0
1002,6615,7606,63,1
1003,16063,7307,393,6
1004,8832,1887,250,4
1005,15639,1505,527,8
1006,8832,12901,329,5
1007,13601,8691,347,5
1008,18067,6074,217,4
1009,16063,11741,447,7
1010,8691,15801,296,4
1011,6095,12901,263,4
1012,11101,12901,311,5
1013,10913,15639,362,5
1014,8832,15639,325,5
1015,8007,13403,285,5
1016,11101,11714,32,1
1017,16415,17057,303,5
1018,10913,14586,322,5
1019,10913,3466,197,3
1020,1022,1022,0,0
1021,6492,17057,268,4
1022,19154,6279,221,4
1023,4730,13748,652,9
1024,10913,17922,158,3
1025,1887,19341,341,5
1026,11101,19154,86,1
1027,10913,11714,51,1
1028,11101,15639,345,5
1029,19341,2346,337,5
1030,1760,16063,582,9
1031,13403,17922,232,4
1032,2554,12144,258,6
1033,17756,13209,190,3
1034,4730,2346,393,6
1035,19341,16063,298,4
1036,1887,13748,311,5
1037,16063,1760,578,9
1038,2554,14845,455,9
1039,6615,19154,144,2
1040,2379,8810,263,4
1041,6457,1505,86,1
1042,11714,6074,134,2
1043,8832,4072,331,5
1044,14586,3053,421,6
1045,1862,12901,234,4
1046,14219,6457,419,6
1047,1505,19154,267,4
1048,8832,6457,132,2
1049,11211,19341,122,2
1050,3053,16063,626,9
1051,17339,13209,271,4
1052,14219,4072,548,8
1053,10523,16063,414,6
1054,14219,7307,373,6
1055,14586,17339,260,4
1056,8691,11236,67,1
1057,17339,17922,62,1
1058,2771,2346,34,1
1059,14219,18067,320,5
1060,8832,3053,272,4
1061,1760,1532,19,1
1062,8832,3561,365,6
1063,18067,6615,157,3
1064,3466,8817,241,4
1065,19113,14219,392,6
1066,6492,16415,501,7
1067,19341,8817,89,1
1068,3784,19454,360,6
1069,6279,6279,0,0
1070,6279,13748,255,4
1071,3784,5452,89,1
1072,1887,3784,112,2
1073,11239,19341,126,2
1074,10913,1887,214,3
1075,4072,3784,150,2
1076,10523,1022,132,2
1077,1505,6492,96,2
1078,13601,8810,320,5
1079,4730,6074,441,6
1080,1760,18067,289,5
1081,11741,19154,135,2
1082,13748,18067,119,2
1083,19454,3784,360,6
1084,1887,17756,370,6
1085,8810,6074,167,3
1086,6492,14219,426,6
1087,15801,6615,342,5
1088,2771,1862,60,1
1089,14219,4730,806,12
1090,1862,7606,222,4
1091,8832,11714,60,1
1092,11714,18067,122,2
1093,8691,14586,362,5
1094,7307,11714,38,1
1095,13403,16063,382,6
1096,16415,8810,429,6
1097,1862,4072,91,1
1098,7307,14586,329,5
1099,2554,11741,315,8
1100,7307,15639,336,5
1101,19341,4005,419,6
1102,14845,15639,276,4
1103,5452,2346,254,4
1104,12901,18067,372,6
1105,6615,1505,123,2
1106,12144,2379,185,3
1107,6279,17057,317,5
1108,16415,15639,153,2
1109,17339,11741,237,4
1110,6615,15639,403,6
1111,8007,8817,60,1
1112,8691,11741,113,2
1113,14219,6492,428,6
1114,19454,1532,286,5
1115,17756,16063,237,3
1116,11236,3053,250,4
1117,2554,19341,402,9
1118,17922,1887,359,6
1119,8691,11239,67,1
1120,6615,8810,109,2
1121,1760,11741,231,4
1122,18067,10913,116,2
1123,19113,16323,346,5
1124,2554,13748,395,8
1125,11714,5452,358,6
1126,7606,6095,128,3
1127,8691,19341,64,1
1128,13209,17756,190,3
1129,8832,16063,378,6
1130,3053,6457,144,2
1131,1505,19341,304,5
1132,11741,3561,370,6
1133,2379,16063,613,9
1134,7606,6492,89,2
1135,3561,18067,429,7
1136,4005,6615,238,4
1137,14219,2771,456,7
1138,19154,15639,284,4
1139,2771,8007,275,6
1140,19454,16063,327,5
1141,17756,1760,347,6
1142,17756,1532,336,5
1143,19454,14845,222,3
1144,14586,1022,307,4
1145,8832,7801,39,1
1146,4072,6457,202,3
1147,6074,2346,111,2
1148,15801,13209,280,5
1149,6492,13748,224,3
1150,1862,15801,494,7
1151,1022,8817,186,3
1152,6457,10523,81,1
1153,2554,15801,563,11
1154,12901,11714,339,5
1155,6457,4072,204,3
1156,8817,8817,0,0
1157,6279,14219,421,6
1158,10523,6492,70,1
1159,1022,17339,336,5
1160,4072,1022,175,3
1161,3466,7307,213,3
1162,19154,3561,420,6
1163,14219,3784,421,7
1164,8832,8691,35,1
1165,8007,6279,229,4
1166,11714,16323,382,6
1167,8817,11101,38,1
1168,18067,14845,186,3
1169,6279,3466,109,2
1170,7606,14219,372,6
1171,6615,1532,125,2
1172,4072,6074,180,3
1173,10913,2346,209,3
1174,11236,11101,20,1
1175,3053,5452,173,3
1176,8007,3561,428,7
1177,14219,17756,210,4
1178,16415,19154,419,6
1179,7307,1760,205,3
1180,7307,1532,194,3
1181,6095,13748,241,4
1182,11236,6074,129,2
1183,17339,6095,321,7
1184,17339,14219,298,5
1185,1887,11741,254,4
1186,13209,1760,300,4
1187,3784,19154,345,5
1188,6279,7307,145,2
1189,4005,2379,119,2
1190,15801,14586,198,3
1191,7801,14219,343,5
1192,19454,18067,47,1
1193,3561,7606,337,5
1194,7606,18067,94,2
1195,2771,1887,59,1
1196,6457,17922,240,4
1197,3784,1887,111,2
1198,11236,1022,157,3
1199,6615,14219,416,7
1200,8691,2771,248,4
1201,8817,6095,158,3
1202,13403,1505,234,3
1203,7606,4072,304,5
1204,13748,13209,86,1
1205,2379,4005,119,2
1206,1505,8817,221,4
1207,16063,3466,551,9
1208,5452,6279,252,4
1209,3784,8817,298,5
1210,1532,15801,460,7
1211,18067,1505,279,4
1212,13209,10913,242,4
1213,1022,6095,30,1
1214,17339,10523,209,3
1215,16415,7606,421,6
1216,11239,1022,155,3
1217,11714,11741,27,1
1218,8810,14586,339,5
1219,11101,1505,181,3
1220,12144,3053,198,3
1221,1862,6457,122,2
1222,1022,1760,72,1
1223,3053,17057,422,6
1224,6279,11211,139,2
1225,7801,14845,202,3
1226,6279,4072,170,3
1227,2771,8691,248,4
1228,13403,5452,190,4
1229,2554,11211,283,7
1230,1760,19154,281,4
1231,16063,17756,235,3
1232,13209,16323,296,5
1233,17922,1760,334,5
1234,7307,1022,158,3
1235,11101,19454,102,2
1236,11236,3561,344,5
1237,11236,6457,110,2
1238,17922,13748,133,2
1239,11714,19341,151,3
1240,13403,7606,229,3
1241,6279,8007,229,4
1242,1887,6095,112,2
1243,19113,15801,281,4
1244,14219,14845,136,3
1245,1760,11239,203,3
1246,16063,13403,379,6
1247,1862,19454,319,5
1248,14586,19341,343,5
1249,2554,19454,381,9
1250,5452,15801,529,9
1251,10523,4072,285,4
1252,19454,1505,283,4
1253,4005,14586,477,7
1254,15801,2379,503,7
1255,14586,10523,328,5
1256,4005,17339,485,7
1257,1862,1505,39,1
1258,13403,8817,265,4
1259,4005,11714,314,5
1260,17756,5452,394,7
1261,2554,1505,136,5
1262,1022,19454,248,4
1263,8810,19341,73,1
1264,6492,12144,135,2
1265,2346,14586,409,6
1266,11714,7801,70,1
1267,11714,11239,26,1
1268,19454,6492,188,3
1269,12144,19341,245,4
1270,11236,1887,229,4
1271,15639,18067,258,4
1272,17922,3053,380,6
1273,6615,19341,181,3
1274,18067,11211,94,2
1275,1022,1505,59,1
1276,17339,2346,403,6
1277,2554,1862,126,5
1278,13209,3784,279,5
1279,19113,6279,242,4
1280,16415,18067,359,5
1281,4005,11741,332,5
1282,11239,8832,33,1
1283,6457,6457,0,0
1284,12144,11741,198,3
1285,17339,19341,81,1
1286,11236,5452,354,5
1287,14845,14845,0,0
1288,13748,11741,223,4
1289,6492,7307,97,2
1290,14219,7606,372,6
1291,6279,6615,76,1
1292,1862,14219,465,7
1293,16415,11741,480,7
1294,17057,4005,478,7
1295,16063,15801,111,2
1296,8007,3466,296,5
1297,6095,17339,312,5
1298,11741,17339,237,4
1299,8817,6457,138,2
1300,12901,4072,274,5
1301,6615,5452,285,4
1302,16063,17057,235,4
1303,4730,11101,559,8
1304,3466,18067,295,5
1305,1862,8810,268,4
1306,1862,18067,311,5
1307,19341,18067,73,1
1308,18067,19113,74,1
1309,10523,8817,62,1
1310,13601,7801,283,4
1311,18067,16063,311,5
1312,15801,13748,251,4
1313,4730,8832,590,9
1314,3053,13209,344,5
1315,17756,19154,175,3
1316,7801,2346,250,4
1317,2771,13748,302,5
1318,4730,8817,597,9
1319,2771,3561,196,3
1320,1760,10523,177,3
1321,11101,15801,290,4
1322,11236,13209,260,4
1323,4072,8817,336,5
1324,16063,14219,181,3
1325,1887,8832,250,4
1326,15801,15639,96,2
1327,17922,16415,324,5
1328,4072,13209,402,6
1329,4730,13403,612,9
1330,19341,14219,361,6
1331,6457,19154,186,3
1332,6615,6492,29,1
1333,15801,12901,534,8
1334,5452,3466,149,2
1335,14845,7606,231,3
1336,6457,17756,255,4
1337,3561,8691,400,6
1338,2379,2379,0,0
1339,8007,15801,284,4
1340,6457,16323,444,7
1341,11714,1022,162,3
1342,15801,19113,280,4
1343,3053,8832,272,4
1344,6457,19341,223,4
1345,5452,6095,226,3
1346,13403,1532,237,4
1347,19154,1760,280,4
1348,3784,14845,327,5
1349,14845,4072,453,7
1350,11101,13748,175,3
1351,19154,17922,101,2
1352,4730,19154,644,10
1353,17922,7307,131,2
1354,1022,12144,83,1
1355,15639,17339,178,3
1356,1887,15639,562,9
1357,7307,11236,14,1
1358,15639,14586,312,5
1359,11101,19341,123,2
1360,15639,19154,285,4
1361,12901,8817,332,5
1362,6095,3561,216,3
1363,6457,11236,110,2
1364,13403,16323,347,5
1365,1505,2346,63,1
1366,1887,12901,232,4
1367,13209,6074,255,4
1368,1505,10523,162,3
1369,6074,3466,86,1
1370,10523,12901,295,4
1371,2771,19154,270,4
1372,19154,16323,341,5
1373,2771,4730,396,6
1374,11211,11211,0,0
1375,3561,10523,318,5
1376,6074,6095,11,0
1377,8810,1887,267,4
1378,14845,17922,151,3
1379,3053,4005,85,1
1380,4005,12901,269,5
1381,2379,14586,408,6
1382,13601,15801,344,6
1383,17339,11211,185,3
1384,4005,19113,404,6
1385,13209,19454,239,4
1386,2379,11714,230,4
1387,15639,6279,480,7
1388,17339,7606,198,4
1389,13209,18067,201,3
1390,3784,14586,355,6
1391,3561,17057,518,8
1392,2554,2379,88,4
1393,4072,19341,419,6
1394,7801,7606,33,1
1395,17922,3561,474,7
1396,17756,6095,270,4
1397,8817,14586,330,5
1398,8810,10913,66,1
1399,6279,14586,354,5
1400,15801,7307,281,4
1401,16415,8832,426,6
1402,11714,15639,373,6
1403,7801,4072,336,5
1404,11211,17922,137,2
1405,2379,6492,141,2
1406,3784,11211,263,4
1407,8007,16415,425,6
1408,14219,8817,366,6
1409,5452,17339,461,8
1410,1887,1532,38,1
1411,14586,17756,179,3
1412,5452,19154,378,6
1413,2379,17339,402,6
1414,17339,8810,150,2
1415,1760,15639,540,8
1416,7801,10913,50,1
1417,13601,11714,353,5
1418,8691,8810,16,0
1419,6615,11239,66,1
1420,11211,16323,352,6
1421,7307,19341,115,2
1422,13403,12144,99,2
1423,1862,13209,322,5
1424,17339,4005,485,7
1425,1760,12901,258,5
1426,8817,2346,252,4
1427,6074,8810,170,3
1428,1532,13209,289,4
1429,8691,1505,245,4
1430,11101,12144,150,3
1431,7307,1505,192,3
1432,1760,17756,348,6
1433,11211,10523,29,1
1434,3466,19154,288,4
1435,2554,11714,297,7
1436,8810,13403,281,4
1437,2554,12901,345,8
1438,19454,19113,37,1
1439,7606,6279,138,2
1440,3466,8832,234,4
1441,3561,6457,240,4
1442,8007,10523,116,2
1443,19154,10913,104,2
1444,12901,19154,385,6
1445,6074,8832,151,2
1446,19454,12901,372,6
1447,8007,14219,394,6
1448,6074,19154,205,3
1449,3784,12901,121,2
1450,7801,3053,277,4
1451,19341,16323,290,5
1452,1505,12901,297,4
1453,11714,13209,284,4
1454,3466,16323,541,8
1455,6095,15801,393,6
1456,13748,1022,220,3
1457,11236,1505,191,3
1458,11741,15801,339,5
1459,3784,19113,367,6
1460,11211,13748,172,3
1461,2379,18067,306,5
1462,17756,6074,272,4
1463,14845,6074,303,4
1464,12144,19113,247,4
1465,3784,15801,533,8
1466,8691,11101,65,1
1467,3053,1505,59,1
1468,1505,14219,429,6
1469,6095,8817,158,3
1470,4005,11239,303,5
1471,8007,8810,53,1
1472,11236,19454,104,2
1473,13209,12144,151,2
1474,3561,1022,199,3
1475,6095,6457,24,0
1476,1887,2379,46,1
1477,8691,8817,30,1
1478,2554,17339,467,10
1479,6279,16323,475,7
1480,3561,13403,305,5
1481,11211,8832,30,1
1482,12901,7307,306,5
1483,3561,1887,140,2
1484,6615,4005,238,4
1485,4730,14845,711,10
1486,8691,1887,283,5
1487,11101,8810,52,1
1488,12901,8810,350,5
1489,17922,11741,189,3
1490,1862,17756,370,6
1491,8832,3466,233,4
1492,3561,8817,375,6
1493,19154,11236,89,2
1494,17057,19154,113,2
1495,8810,17057,142,2
1496,6457,8691,164,3
1497,3561,17756,487,8
1498,14586,13209,83,1
1499,19154,10523,107,2
1500,17922,13209,215,3
1501,11239,6074,127,2
1502,14845,11101,240,4
1503,19113,16415,423,6
1504,3561,11101,336,5
1505,2379,12901,273,5
1506,11211,10913,30,1
1507,3784,1862,111,2
1508,19341,19341,0,0
1509,1022,18067,240,4
1510,11714,6095,137,2
1511,16415,3053,583,8
1512,14845,8817,231,4
1513,5452,11741,379,6
1514,10913,11741,69,1
1515,11211,11714,32,1
1516,8832,2379,245,4
1517,13748,16063,362,5
1518,6279,6492,48,1
1519,8832,16415,426,6
1520,8691,4005,360,6
1521,6279,19113,242,4
1522,10523,19341,145,2
1523,1887,5452,200,3
1524,2771,14219,456,7
1525,3561,17922,476,7
1526,7801,6074,155,3
1527,3466,6095,84,1
1528,15801,1505,457,7
1529,12144,8832,169,3
1530,6457,6615,42,1
1531,1760,2346,47,1
1532,8817,3561,371,6
1533,12144,11239,168,3
1534,6457,6095,24,0
1535,1862,8817,257,4
1536,4005,4730,264,4
1537,18067,7307,85,2
1538,13601,12901,165,3
1539,7606,6074,123,2
1540,12901,3466,180,3
1541,14219,8810,373,6
1542,18067,14586,284,4
1543,19113,10523,129,2
1544,1862,17057,400,6
1545,4730,3784,411,6
1546,1022,5452,207,3
1547,4072,12901,270,5
1548,11211,14845,238,4
1549,14845,11239,260,4
1550,11236,11236,0,0
1551,15639,19341,245,4
1552,17756,3466,353,6
1553,17057,3561,516,8
1554,6074,11741,155,3
1555,7606,17339,198,5
1556,8817,19454,68,1
1557,10523,14219,372,6
1558,14586,14586,0,0
1559,6615,6615,0,0
1560,13403,13209,58,1
1561,14586,11714,368,6
1562,12144,19454,213,4
1563,13209,5452,245,5
1564,8691,8832,35,1
1565,1862,2346,62,1
1566,18067,13403,219,4
1567,14219,15801,140,3
1568,4005,6492,210,3
1569,19113,19113,0,0
1570,6074,6074,0,0
1571,8832,14586,332,5
1572,17339,19154,122,2
1573,7801,17339,171,3
1574,8810,11211,46,1
1575,11211,2379,218,4
1576,3784,6095,141,2
1577,19113,3561,441,7
1578,2771,6095,82,2
1579,11236,3466,211,3
1580,6457,8007,194,3
1581,8832,14845,235,4
1582,19454,17339,111,2
1583,11236,19154,88,2
1584,19454,14586,319,5
1585,4005,1505,116,2
1586,4730,17922,698,10
1587,17339,1505,370,6
1588,17339,1887,407,6
1589,4730,3466,416,6
1590,13209,12901,242,4
1591,1532,3561,166,3
1592,1022,8810,197,3
1593,7801,6492,122,2
1594,16323,6457,444,7
1595,4072,19154,383,6
1596,6457,15639,445,7
1597,6457,13209,274,4
1598,13748,4005,390,6
1599,17756,19341,155,3
1600,8691,13209,281,4
1601,11101,3561,334,5
1602,2554,3053,142,5
1603,8007,13209,269,4
1604,1760,13748,290,4
1605,17756,16323,191,3
1606,1022,6457,51,1
1607,8691,1862,282,4
1608,11101,7606,17,0
1609,6074,18067,213,4
1610,8810,3784,306,5
1611,14845,2379,381,5
1612,2379,7606,217,3
1613,1862,11741,254,4
1614,13403,3561,302,5
1615,12144,1760,151,2
1616,8832,6279,166,3
1617,14219,17922,283,5
1618,2554,6457,199,6
1619,11101,11101,0,0
1620,1505,1532,7,0
1621,19341,1022,270,4
1622,6615,8007,153,2
1623,6615,12144,139,3
1624,17756,2346,381,6
1625,1887,6074,101,2
1626,8810,17756,188,3
1627,17339,4072,488,7
1628,19454,19341,34,1
1629,7801,5452,305,5
1630,2346,17339,403,6
1631,7801,7307,35,1
1632,16323,3561,642,10
1633,8007,1760,288,5
1634,17339,6457,289,5
1635,12901,1760,260,4
1636,11101,8817,40,1
1637,8817,6279,171,3
1638,1862,10523,199,3
1639,3561,14845,405,6
1640,13209,8817,247,4
1641,19454,1760,296,5
1642,13209,3561,354,6
1643,7606,5452,288,5
1644,1887,16323,559,8
1645,10913,6279,129,2
1646,2771,11236,194,3
1647,4005,18067,390,6
1648,19154,2379,300,5
1649,2554,1022,180,5
1650,18067,13748,121,2
1651,15801,16063,114,2
1652,14845,17339,190,3
1653,10913,18067,111,2
1654,1505,4072,121,2
1655,11714,11236,28,1
1656,8007,6457,194,3
1657,1862,16323,559,8
1658,13209,1022,232,3
1659,6457,14219,418,6
1660,6492,2346,142,2
1661,16063,19341,298,4
1662,14845,6492,286,4
1663,1760,1760,0,0
1664,13748,17339,189,3
1665,11239,14219,403,6
1666,14219,19454,357,6
1667,17756,12144,250,4
1668,17922,6095,259,4
1669,2346,7307,225,4
1670,15801,1532,459,7
1671,12901,6279,291,4
1672,15639,10523,367,6
1673,6074,6492,34,1
1674,4005,12144,253,4
1675,8810,14845,242,4
1676,1862,17922,358,6
1677,1862,11236,227,4
1678,7801,2379,250,4
1679,19154,17756,173,3
1680,4005,10913,289,5
1681,6615,13403,236,4
1682,7307,3561,345,5
1683,6615,1887,160,3
1684,11239,18067,106,2
1685,12144,6279,131,2
1686,17922,8810,124,2
1687,1862,7307,229,4
1688,14845,5452,341,6
1689,1887,2771,59,1
1690,6279,16063,521,8
1691,14586,12144,226,3
1692,14845,7307,232,4
1693,11236,12144,170,3
1694,15639,1532,529,8
1695,6492,11741,121,2
1696,1760,16323,536,8
1697,13209,1532,289,4
1698,3561,16415,594,9
1699,8691,17057,133,2
1700,19113,11741,156,3
1701,12901,17756,400,6
1702,1022,16063,531,8
1703,7606,16415,421,6
1704,14219,19341,381,6
1705,3561,11211,341,5
1706,14219,11239,395,6
1707,13748,6279,256,4
1708,19454,6615,161,3
1709,16063,19454,327,5
1710,4072,14219,545,8
1711,16063,8817,382,6
1712,6279,16415,516,7
1713,8832,6492,117,2
1714,10913,6492,80,1
1715,1862,11211,222,4
1716,1505,19454,283,4
1717,5452,6492,257,4
1718,13601,14219,217,3
1719,4730,6279,428,6
1720,18067,2346,312,5
1721,13209,16063,332,5
1722,2379,8817,252,4
1723,1505,4005,117,2
1724,10913,6095,113,2
1725,11714,14586,365,6
1726,3784,6615,201,3
1727,7801,19113,106,2
1728,3784,6492,173,3
1729,8810,7606,52,1
1730,12144,6615,139,3
1731,6279,6074,17,0
1732,7307,8810,43,1
1733,13601,3466,254,5
1734,13748,16323,292,5
1735,8691,5452,357,6
1736,2379,16415,570,8
1737,11239,4005,304,5
1738,13209,7801,218,3
1739,19454,11211,100,2
1740,14586,16063,255,4
1741,14586,2346,409,6
1742,6074,19341,242,4
1743,8832,17339,170,3
1744,1760,1505,27,1
1745,11236,17756,190,3
1746,7801,1532,219,4
1747,6279,2346,98,2
1748,13403,6074,203,3
1749,8810,3053,288,5
1750,11239,6492,94,2
1751,13209,17057,265,4
1752,4005,7606,300,5
1753,1022,2346,106,2
1754,12144,16063,475,7
1755,13601,14845,155,3
1756,19154,19113,25,1
1757,8817,3466,239,4
1758,1760,12144,152,2
1759,19454,3561,436,7
1760,1760,16415,539,8
1761,1887,8691,281,5
1762,19154,12901,385,6
1763,2554,2346,75,4
1764,17756,19454,151,2
1765,3466,2346,128,3
1766,19113,7307,100,2
1767,19341,3561,457,7
1768,12901,2346,285,5
1769,13748,14586,167,3
1770,8832,6095,151,3
1771,4005,3466,153,3
1772,8691,6457,165,3
1773,11211,16063,398,6
1774,8832,1760,226,4
1775,15639,1022,493,8
1776,14845,19113,249,4
1777,6457,15801,379,6
1778,5452,6457,248,4
1779,15639,4005,641,10
1780,6457,19113,208,3
1781,2771,12901,288,5
1782,2771,6074,91,2
1783,6615,13748,213,3
1784,8691,2554,342,8
1785,8817,16323,347,5
1786,10913,10523,11,0
1787,3561,1505,170,3
1788,19154,3053,326,5
1789,3784,17756,409,6
1790,10913,8832,50,1
1791,6457,1760,99,2
1792,11239,16063,411,6
1793,14845,1532,337,5
1794,6095,17057,301,5
1795,2771,1760,36,1
1796,2346,8817,254,4
1797,1505,1887,44,1
1798,8832,16323,349,5
1799,11211,19113,107,2
1800,6279,5452,251,4
1801,7801,1505,217,3
1802,13601,3784,259,5
1803,12901,3053,204,4
1804,11101,6492,86,2
1805,3053,14586,420,6
1806,14219,1887,467,7
1807,1532,14219,432,6
1808,6615,19113,167,3
1809,4072,6615,239,4
1810,7801,19454,81,2
1811,13748,3561,342,6
1812,2771,16063,578,9
1813,16063,6279,519,8
1814,12901,10523,295,4
1815,13403,11239,261,4
1816,11101,4005,296,5
1817,19113,6615,166,3
1818,4072,8691,361,6
1819,1760,14219,444,6
1820,12144,17756,252,4
1821,5452,5452,0,0
1822,11211,1022,152,3
1823,14219,10913,360,6
1824,11741,16323,404,6
1825,12144,6492,137,2
1826,10523,3561,318,5
1827,10913,4005,291,5
1828,1862,14586,398,6
1829,8007,4005,390,6
1830,11714,14219,409,7
1831,11714,13403,269,4
1832,2379,4072,123,2
1833,12901,6095,263,4
1834,7801,1887,255,4
1835,8007,3784,353,5
1836,3561,6279,221,3
1837,6279,7606,138,2
1838,19454,2346,316,5
1839,6457,1022,52,1
1840,8007,7307,94,3
1841,8691,16063,357,5
1842,8832,19341,94,2
1843,11211,6457,105,2
1844,4005,6074,179,3
1845,2379,19341,335,5
1846,12901,17922,419,6
1847,2554,14219,550,11
1848,1862,11239,225,4
1849,4072,12144,254,4
1850,11101,18067,94,2
1851,17339,11101,189,3
1852,11101,10523,25,1
1853,11714,7307,38,1
1854,19113,12901,406,6
1855,1887,16415,561,8
1856,19454,17057,103,2
1857,17339,8832,170,3
1858,14586,8810,336,5
1859,11236,11239,1,0
1860,19113,3466,309,5
1861,3053,12144,196,3
1862,14219,13403,201,3
1863,6615,11211,63,1
1864,10913,8817,58,1
1865,2771,17922,324,5
1866,13209,19113,265,4
1867,3561,14219,499,8
1868,3053,15801,515,8
1869,2771,16415,552,8
1870,19154,1022,234,4
1871,4005,16415,639,9
1872,17339,13403,287,5
1873,4730,5452,398,8
1874,14586,19454,320,5
1875,14219,19154,382,6
1876,16415,17756,268,4
1877,8691,12901,363,5
1878,3466,6457,107,2
1879,10913,11101,27,1
1880,11236,2346,224,4
1881,14219,17339,298,5
1882,1022,8832,178,3
1883,13601,19341,328,5
1884,3053,13748,333,5
1885,1532,19341,307,5
1886,7801,15801,251,4
1887,8817,3784,296,5
1888,12901,6457,288,4
1889,13209,1862,324,5
1890,6615,7307,70,1
1891,10913,7606,22,1
1892,13209,2771,313,5
1893,8817,10523,58,1
1894,11714,8007,124,2
1895,6492,1532,97,2
1896,15801,10523,303,5
1897,11714,6457,115,2
1898,7801,8007,103,2
1899,1887,16063,605,9
1900,3784,3053,85,1
1901,1760,6095,87,1
1902,13209,13748,84,1
1903,14845,1887,372,5
1904,4730,3053,347,5
1905,8817,7606,40,1
1906,11236,17057,194,3
1907,3561,10913,330,5
1908,4730,3561,309,6
1909,19154,6457,186,3
1910,11239,16415,452,7
1911,7307,4072,311,5
1912,16415,1022,470,7
1913,16063,2346,613,9
1914,19341,14586,324,5
1915,4730,7606,562,8
1916,8817,3053,278,4
1917,14586,3561,429,7
1918,11741,6279,170,3
1919,8691,4072,364,6
1920,11239,17057,194,3
1921,8007,1887,313,5
1922,15801,7801,250,4
1923,15801,14219,141,3
1924,11211,6492,91,2
1925,18067,1022,245,4
1926,1505,3561,171,3
1927,8832,17922,121,2
1928,1887,14845,372,5
1929,4005,6095,189,3
1930,6457,3053,145,2
1931,19154,12144,225,3
1932,14845,19154,246,4
1933,1760,19113,303,5
1934,13403,6095,202,3
1935,2346,15801,505,7
1936,13403,15801,329,5
1937,16415,6457,501,7
1938,7606,6615,63,1
1939,15801,16415,145,2
1940,17756,12901,400,6
1941,13601,2554,430,9
1942,12901,15639,623,9
1943,6279,11236,144,2
1944,10913,2379,209,3
1945,12144,10523,135,2
1946,16415,15801,144,2
1947,4072,19454,398,6
1948,7801,6615,94,2
1949,13209,11236,262,4
1950,11236,7307,14,1
1951,3784,10523,240,4
1952,14845,15801,199,3
1953,15639,7606,344,5
1954,12901,12901,0,0
1955,2771,4005,134,2
1956,19113,17057,112,2
1957,3784,11236,268,4
1958,2554,11236,289,7
1959,19113,1505,288,5
1960,8810,6457,149,3
1961,6457,11741,136,2
1962,6615,2379,155,2
1963,3053,19454,341,5
1964,12901,6492,297,4
1965,6074,6279,17,0
1966,12144,1532,140,2
1967,7307,14845,232,4
1968,12144,12901,162,2
1969,4005,8832,328,5
1970,3466,13209,229,4
1971,19341,13209,263,4
1972,6279,17756,287,5
1973,8810,18067,81,2
1974,3053,16323,580,9
1975,19113,12144,246,4
1976,3784,19341,382,6
1977,19154,6492,172,3
1978,16063,11101,398,6
1979,4005,15639,641,10
1980,19154,6615,145,2
1981,11101,4072,301,5
1982,15801,8691,296,4
1983,15639,3466,547,8
1984,1862,3561,142,2
1985,13403,11741,290,4
1986,3053,6074,122,2
1987,16063,7606,391,6
1988,2554,16063,674,13
1989,19341,12144,245,4
1990,3561,6492,250,4
1991,6279,1022,55,1
1992,4730,1532,373,5
1993,8832,4005,327,5
1994,14845,17756,107,2
1995,6074,15801,395,6
1996,3053,1760,57,1
1997,10523,1532,168,3
1998,14219,11211,372,6
1999,16063,4072,685,10
2000,11714,8810,79,2
2001,8810,8691,16,0
2002,19454,4005,398,6
2003,8817,15639,328,5
2004,19113,1760,301,5
2005,7606,19341,123,2
2006,6095,8832,151,3
2007,11741,8832,80,1
2008,14845,6615,273,4
2009,11101,6279,135,2
2010,2771,7801,221,4
2011,16415,10523,445,7
2012,4072,1760,112,2
2013,15639,16323,116,2
2014,8007,11101,95,2
2015,4072,7307,311,5
2016,1532,1532,0,0
2017,6615,11714,76,1
2018,10913,6457,96,2
2019,4730,17339,746,11
2020,7307,16415,423,6
2021,8817,17756,178,3
2022,13601,1887,349,6
2023,11239,11741,48,1
2024,7307,3784,269,4
2025,16415,14586,170,3
2026,6279,17339,322,5
2027,7801,17922,112,2
2028,1022,13748,220,3
2029,8810,6492,134,2
2030,6492,14586,359,5
2031,3784,6457,163,2
2032,12144,19154,225,3
2033,11714,2346,229,4
2034,1862,6615,160,2
2035,11741,13209,306,5
2036,13601,8817,313,5
2037,11211,6615,63,1
2038,4005,8691,360,6
2039,13601,10523,313,5
2040,17339,8691,140,2
2041,1022,3466,65,1
2042,1887,6615,160,2
2043,3053,17339,429,7
2044,1862,12144,175,3
2045,7606,3466,206,3
2046,4072,19113,405,6
2047,14586,11741,386,6
2048,1022,12901,242,4
2049,2554,3466,201,6
2050,8007,1505,275,4
2051,2379,6095,121,2
2052,2554,17922,419,9
2053,4072,4730,263,4
2054,3784,1022,122,2
2055,7801,17756,148,2
2056,10913,7307,29,1
2057,19454,11236,106,2
2058,4005,5452,238,4
2059,13209,3466,230,4
2060,19454,17922,78,1
2061,2771,13209,313,5
2062,17756,14586,179,3
2063,16323,18067,283,4
2064,7801,3784,295,5
2065,8817,15801,282,4
2066,4005,17756,449,7
2067,2379,10523,197,3
2068,14845,10913,224,3
2069,8832,10523,53,1
2070,1022,4072,178,3
2071,8810,19454,52,1
2072,19454,16323,318,5
2073,2771,12144,165,3
2074,1760,5452,227,3
2075,19113,2346,321,5
2076,17756,7606,176,3
2077,7307,8007,87,2
2078,4005,13403,350,5
2079,17339,16415,303,5
2080,6615,10913,55,1
2081,13403,3053,293,4
2082,3561,11239,344,5
2083,19154,14219,387,6
2084,10523,4005,281,4
2085,18067,11236,111,2
2086,6615,12901,297,5
2087,6279,17922,275,4
2088,1887,8007,313,5
2089,6615,6074,61,1
2090,18067,12901,377,6
2091,6615,11236,68,1
2092,17922,8817,117,2
2093,1887,11211,222,4
2094,17756,13748,120,2
2095,7307,17057,174,3
2096,3784,17922,399,6
2097,4730,1887,348,5
2098,2379,15639,557,8
2099,13403,8810,282,4
2100,4005,6457,201,3
2101,14845,3053,393,6
2102,2554,6095,193,6
2103,8691,19154,28,1
2104,2379,17922,352,6
2105,12901,19341,405,6
2106,15639,6492,431,7
2107,16415,17339,303,5
2108,3784,1760,140,2
2109,16063,16063,0,0
2110,2554,1760,116,5
2111,13209,6615,290,4
2112,8007,11211,92,2
2113,1022,14586,307,4
2114,6095,11741,155,3
2115,1862,4730,349,5
2116,7307,14219,373,6
2117,14586,11239,357,5
2118,6615,16063,453,7
2119,14845,3784,327,5
2120,2379,8832,244,4
2121,15801,11239,309,5
2122,19154,19454,24,0
2123,11741,14586,386,6
2124,11714,11211,29,1
2125,7307,16063,393,6
2126,6279,13403,227,3
2127,8007,10913,112,2
2128,1887,14586,398,6
2129,1887,3466,91,2
2130,15801,13403,330,5
2131,17922,1505,321,5
2132,17339,14845,190,3
2133,12901,19454,373,6
2134,1887,1862,9,0
2135,14219,11236,380,6
2136,18067,18067,0,0
2137,10913,13748,164,3
2138,1760,4005,109,2
2139,1862,6492,132,2
2140,4730,19113,665,10
2141,3561,4072,109,3
2142,6279,11101,135,2
2143,11239,6615,66,1
2144,17922,12144,258,4
2145,1022,7307,158,3
2146,7606,8810,52,1
2147,7307,17756,178,3
2148,7606,7606,0,0
2149,2346,6095,121,2
2150,15801,11101,289,4
2151,6074,17339,308,5
2152,14845,3466,277,5
2153,8691,3561,398,6
2154,1760,6615,137,2
2155,4730,10523,539,8
2156,11239,12144,168,3
2157,15801,8817,280,4
2158,16063,1022,530,8
2159,13209,6279,280,4
2160,15639,11741,395,6
2161,19341,6457,224,4
2162,15639,7307,336,5
2163,8810,11101,48,1
2164,11714,11714,0,0
2165,19454,8817,68,1
2166,5452,8810,344,6
2167,2554,8007,372,8
2168,6279,10913,127,2
2169,13209,15639,388,6
2170,14219,2346,477,7
2171,2554,7801,316,8
2172,8832,8817,7,0
2173,2554,8832,311,8
2174,19454,11101,103,2
2175,19454,6457,203,3
2176,11211,3466,206,3
2177,6615,17922,198,3
2178,3561,19154,422,6
2179,2379,6615,154,2
2180,11211,19154,86,1
2181,11211,17339,185,3
2182,13601,13601,0,0
2183,3466,14586,305,5
2184,18067,2554,376,9
2185,7801,11239,62,1
2186,8007,6615,153,2
2187,13403,7307,240,4
2188,1505,15801,457,7
2189,10913,12144,129,2
2190,14586,16323,220,3
2191,8810,11741,97,2
2192,7307,5452,300,5
2193,15639,11239,359,5
2194,19454,13403,254,4
2195,1760,4072,114,2
2196,17922,1532,324,5
2197,19154,15801,277,4
2198,6492,13209,283,4
2199,16323,8832,349,5
2200,13209,3053,346,5
2201,19113,6457,208,3
2202,18067,6095,213,4
2203,15639,3561,679,10
2204,17756,7307,178,3
2205,7801,6279,170,3
2206,6095,19154,204,3
2207,4005,16323,637,10
2208,18067,16323,283,4
2209,14586,6492,360,5
2210,19454,17756,150,2
2211,17756,4005,449,7
2212,14586,6095,328,5
2213,2771,8810,235,4
2214,2346,2346,0,0
2215,13601,17057,331,5
2216,12901,12144,163,2
2217,11211,14586,335,5
2218,17922,17339,62,1
2219,14219,10523,366,6
2220,17057,6457,283,4
2221,4730,1505,378,5
2222,2554,1887,118,5
2223,4005,17922,436,7
2224,1532,8832,216,3
2225,3784,11714,277,4
2226,8832,11211,32,1
2227,12144,17339,306,5
2228,13748,16415,285,4
2229,4005,11236,306,5
2230,15639,19454,274,4
2231,13209,11741,306,5
2232,18067,1532,281,5
2233,7801,8691,77,1
2234,13209,11714,287,4
2235,18067,1760,292,5
2236,4730,19454,659,10
2237,14586,5452,321,6
2238,19154,19154,0,0
2239,2379,13403,281,4
2240,16415,8817,421,6
2241,13601,2346,359,6
2242,6615,1760,136,2
2243,14219,14219,0,0
2244,15639,15639,0,0
2245,17339,6492,275,4
2246,4072,6095,193,3
2247,8691,16323,361,5
2248,6457,4005,201,3
2249,12144,3466,85,2
2250,13601,11239,342,5
2251,7606,8832,32,1
2252,3466,6279,111,2
2253,18067,13209,203,3
2254,1862,19113,326,5
2255,6457,2554,198,6
2256,15801,16323,68,1
2257,3784,3561,77,1
2258,12901,11741,357,5
2259,16415,3466,467,7
2260,16063,10523,412,6
2261,12144,13748,139,2
2262,19154,7606,86,1
2263,14845,6279,317,5
2264,6492,8810,137,2
2265,1887,19113,326,5
2266,5452,3561,93,2
2267,8691,4730,622,9
2268,1862,1532,34,1
2269,15639,17922,219,3
2270,2771,1532,47,1
2271,19154,14586,342,5
2272,18067,10523,119,2
2273,4072,3053,86,1
2274,15801,11236,294,5
2275,18067,8832,78,1
2276,11236,1760,204,3
2277,3784,2379,153,2
2278,11236,1532,193,3
2279,19113,18067,76,1
2280,14845,19341,245,4
2281,8810,15639,313,5
2282,8810,19154,37,1
2283,11211,6279,139,2
2284,16063,3561,675,10
2285,3053,3053,0,0
2286,13601,6279,304,5
2287,8810,17339,150,2
2288,7801,13209,218,3
2289,2554,13403,356,8
2290,6457,6492,14,0
2291,8810,11714,77,2
2292,8810,12901,347,5
2293,6615,2346,156,2
2294,16063,11239,418,6
2295,8810,8007,53,1
2296,13403,13748,99,2
2297,13748,14219,211,3
2298,3053,4072,89,1
2299,5452,6074,227,3
2300,15801,12144,373,6
2301,11741,12901,357,5
2302,6074,3561,217,3
2303,3784,8691,323,5
2304,17922,5452,413,7
2305,11101,17057,183,3
2306,14219,13209,150,2
2307,10913,15801,298,4
2308,10523,8810,73,1
2309,6615,7801,95,2
2310,13601,1862,348,6
2311,4072,4072,0,0
2312,4730,15801,834,12
2313,6279,8691,198,3
2314,7307,11239,16,1
2315,3784,2554,225,6
2316,14586,6074,331,5
2317,13748,17057,183,3
2318,14586,14219,74,1
2319,13601,4730,638,10
2320,18067,4005,394,6
2321,11101,13403,245,4
2322,8007,17057,114,2
2323,8691,13748,199,3
2324,17339,10913,206,3
2325,6615,16415,483,7
2326,16415,19454,396,6
2327,17922,19113,96,2
2328,3053,12901,205,4
2329,12144,17057,301,5
2330,15639,8810,313,5
2331,2771,11741,220,4
2332,14586,4005,477,7
2333,4005,6279,166,3
2334,17756,1022,299,5
2335,8691,12144,203,3
2336,10913,6615,54,1
2337,3466,4005,154,3
2338,6279,18067,228,4
2339,12144,12144,0,0
2340,13601,19454,304,5
2341,2771,15639,529,8
2342,11239,6457,108,2
2343,14845,13209,91,2
2344,11714,15801,318,5
2345,11236,13748,178,3
2346,6457,18067,194,3
2347,1887,7307,229,4
2348,13403,6279,227,3
2349,12901,17339,467,7
2350,6492,16063,480,7
2351,14219,7801,337,5
2352,13601,1505,311,5
2353,8817,17339,165,3
2354,13748,13748,0,0
2355,7307,19113,100,2
2356,12144,1887,176,3
2357,6457,1862,122,2
2358,2379,16323,567,9
2359,4730,6615,500,7
2360,7606,6457,104,2
2361,8817,17057,158,2
2362,14219,16063,183,3
2363,11211,3784,263,4
2364,1532,1022,62,1
2365,8810,3466,250,4
2366,6457,7801,137,2
2367,3053,18067,333,5
2368,2346,16323,570,8
2369,1887,13403,272,4
2370,19341,16415,365,6
2371,1532,12901,258,4
2372,15801,4072,575,9
2373,11211,4005,301,5
2374,13209,11239,277,4
2375,19341,17339,81,1
2376,11101,11239,17,0
2377,10913,19454,120,2
2378,13209,19341,263,4
2379,15639,16063,60,1
2380,12901,13748,287,4
2381,1862,13403,272,4
2382,16063,6492,478,7
2383,11101,1887,219,4
2384,6615,3561,275,4
2385,7307,13403,240,4
2386,11211,15639,341,5
2387,19454,8810,53,1
2388,5452,8817,326,6
2389,7307,6074,130,2
2390,1887,17057,400,6
2391,19454,16415,394,6
2392,1505,8810,232,4
2393,17057,8832,162,2
2394,13403,1887,272,4
2395,14219,8691,401,6
2396,8832,3784,290,4
2397,10913,10913,0,0
2398,3784,13209,279,5
2399,8832,8832,0,0
2400,17756,19113,177,3
2401,7801,18067,73,1
2402,2379,19113,320,5
2403,19454,14219,364,6
2404,1862,11101,218,4
2405,6457,14586,350,5
2406,3561,3466,142,2
2407,8007,12901,393,6
2408,13403,19454,254,4
2409,11236,14219,385,6
2410,14845,16415,215,3
2411,8007,19113,16,0
2412,14845,8810,238,4
2413,8832,13403,263,4
2414,8007,15639,285,4
2415,14845,1505,334,5
2416,17922,11239,153,3
2417,19454,6074,221,4
2418,1760,1887,28,1
2419,18067,16415,359,5
2420,10913,19154,104,2
2421,14845,19454,222,3
2422,18067,2379,311,5
2423,15801,15801,0,0
2424,11101,19113,108,2
2425,13403,16415,296,4
2426,11236,15801,293,5
2427,2554,7307,289,7
2428,13209,2554,406,9
2429,14586,15639,311,5
2430,5452,19341,398,7
2431,10523,6095,100,2
2432,19154,8817,52,1
2433,4005,8007,390,6
2434,18067,7801,73,1
2435,14586,2379,408,6
2436,13403,8832,262,4
2437,7606,16063,391,6
2438,1505,7307,192,3
2439,6615,8691,122,2
2440,8810,15801,291,5
2441,19454,19454,0,0
2442,13209,13209,0,0
2443,8810,13748,176,3
2444,1760,17339,383,6
2445,1887,6457,122,2
2446,14845,3561,402,6
2447,13209,17922,216,3
2448,19341,17057,74,1
2449,15801,17057,161,3
2450,11714,4072,314,5
2451,14845,13403,137,3
2452,19113,1887,326,5
2453,4072,16063,684,10
2454,1760,17922,336,5
2455,14845,18067,185,3
2456,10913,17339,206,3
2457,3561,2346,193,3
2458,11211,2346,219,4
2459,3053,1532,55,1
2460,4072,2379,121,2
2461,7606,13748,165,3
2462,11714,7606,40,1
2463,6615,6279,76,1
2464,13601,1532,313,5
2465,1887,1022,96,2
2466,13601,1760,324,5
2467,4005,15801,572,8
2468,8691,8007,39,1
2469,8810,6279,182,3
2470,17922,4005,436,7
2471,4072,1532,112,2
2472,1532,7307,194,3
2473,3466,19341,324,5
2474,11236,11741,51,1
2475,16063,12901,564,9
2476,11211,17057,179,3
2477,2771,19341,307,5
2478,11101,13209,257,4
2479,12901,1887,231,4
2480,13601,6615,311,6
2481,4730,11741,593,9
2482,1887,4730,347,5
2483,11211,8817,37,1
2484,7307,3053,251,4
2485,12901,11239,329,5
2486,2771,11239,191,3
2487,6615,13209,290,4
2488,19113,14586,347,5
2489,1505,3466,68,2
2490,7307,19154,78,1
2491,1022,4005,174,3
2492,19454,3466,304,5
2493,2346,19154,300,5
2494,8832,18067,74,1
2495,11101,1760,194,3
2496,17756,11741,235,4
2497,12901,15801,535,8
2498,1862,11714,236,4
2499,11714,14845,268,4
2500,13209,8810,255,4
2501,7307,16323,347,5
2502,2554,2771,106,4
2503,6457,12144,126,2
2504,1862,1862,0,0
2505,7801,13403,245,4
2506,12901,2379,273,5
2507,2771,10913,180,3
2508,14219,6095,395,6
2509,19154,2346,300,5
2510,12144,15801,375,6
2511,6279,6457,39,1
2512,13209,4005,401,6
2513,1505,6095,75,1
2514,16415,4072,643,9
2515,17339,17756,91,2
2516,4005,3561,177,3
2517,7307,10913,29,1
2518,6457,12901,285,4
2519,15639,13748,329,5
2520,17756,17339,91,2
2521,1505,16323,522,8
2522,17057,6279,316,5
2523,3784,16323,568,9
2524,1760,14586,377,5
2525,8810,11236,51,1
2526,18067,4072,398,6
2527,17756,3053,393,6
2528,12144,17922,258,4
2529,19154,17057,114,2
2530,19341,15801,224,4
2531,15801,1022,421,6
2532,17339,17339,0,0
2533,7801,19154,83,2
2534,15801,10913,297,4
2535,2346,6457,134,2
2536,16063,14586,254,4
2537,17922,6615,199,3
2538,10523,15801,303,4
2539,6457,2346,132,2
2540,16063,11714,429,6
2541,13403,11714,272,4
2542,1760,7606,198,3
2543,1505,1760,27,1
2544,8810,11239,51,1
2545,14219,8832,370,6
2546,13403,14586,134,2
2547,8817,8810,11,0
2548,1862,13748,311,5
2549,14219,11101,375,6
2550,10913,19113,126,2
2551,17339,12144,306,5
2552,11101,17922,140,2
2553,11714,16415,459,7
2554,11101,3466,202,3
2555,11101,14586,337,5
2556,8810,2346,262,4
2557,10913,12901,290,4
2558,6457,8817,140,2
2559,1862,15639,562,9
2560,1862,8691,281,4
2561,15801,3561,608,9
2562,2554,4730,453,9
2563,6457,11211,104,2
2564,4072,17922,437,7
2565,15801,3053,516,8
2566,2554,8691,343,8
2567,15639,2346,560,8
2568,17339,7307,181,4
2569,6615,3466,144,2
2570,13209,14219,150,2
2571,2379,11741,248,4
2572,6457,16415,500,7
2573,8691,2379,278,4
2574,17339,1760,383,6
2575,1862,4005,87,1
2576,8007,14586,350,5
2577,7307,6615,70,1
2578,10523,3466,186,3
2579,7606,10523,25,1
2580,14219,11741,424,7
2581,7801,12901,311,5
2582,1862,3784,114,2
2583,4730,17057,741,11
2584,1022,6279,55,1
2585,12144,14586,227,3
2586,15801,11211,286,4
2587,17922,12901,419,6
2588,12901,1505,262,4
2589,11714,8691,92,2
2590,15639,17057,182,3
2591,11211,13209,254,4
2592,4072,8007,395,6
2593,19113,17339,117,2
2594,3561,8810,387,6
2595,6615,8817,98,2
2596,11239,3561,342,5
2597,6492,8817,125,2
2598,4730,16415,901,13
2599,2554,6279,172,5
2600,11239,3053,248,4
2601,1760,15801,472,7
2602,13403,2379,281,4
2603,15639,16415,153,2
2604,6457,3466,106,2
2605,17339,16323,226,4
2606,19454,6279,237,4
2607,6615,11101,59,1
2608,10913,11239,40,1
2609,13209,8007,269,4
2610,6492,17339,275,4
2611,8691,17756,193,3
2612,14586,1532,364,5
2613,14586,1760,375,5
2614,8817,1532,221,4
2615,6279,12901,288,4
2616,1532,19154,270,4
2617,8810,10523,69,1
2618,3053,2346,82,1
2619,3784,11239,267,4
2620,16063,1887,603,9
2621,4005,3053,85,1
2622,2771,1022,86,2
2623,6279,12144,129,2
2624,13209,2379,333,5
2625,4005,1760,112,2
2626,7307,12901,306,5
2627,17756,6615,239,4
2628,2379,15801,503,7
2629,2554,4072,195,6
2630,3466,11741,237,4
2631,17756,3561,485,8
2632,6457,14845,285,4
2633,6615,6095,61,1
2634,8691,14845,265,4
2635,13403,17756,205,4
2636,18067,8007,78,1
2637,8007,14845,253,4
2638,1760,6279,66,1
2639,11714,17339,219,4
2640,8007,18067,78,1
2641,4730,8691,622,9
2642,4072,11239,304,5
2643,13209,2346,334,5
2644,1862,5452,203,3
2645,14845,12901,347,5
2646,1022,17057,329,5
2647,6492,1022,61,1
2648,16415,6095,491,7
2649,1532,6279,55,1
2650,6492,6095,33,1
2651,2379,14219,475,7
2652,11101,6615,59,1
2653,19113,4005,403,6
2654,16063,12144,472,7
2655,11236,19113,111,2
2656,19154,8810,36,1
2657,8007,1532,278,4
2658,15639,17756,203,3
2659,1862,1887,9,0
2660,1532,12144,141,2
2661,8691,11211,62,1
2662,3561,13209,356,6
2663,13601,3053,370,6
2664,6457,17057,283,5
2665,4730,11239,565,8
2666,1505,11741,217,4
2667,11741,1022,183,3
2668,8817,11741,87,2
2669,13209,14586,83,1
2670,15801,1760,470,7
2671,10523,12144,134,2
2672,3784,4072,154,2
2673,17756,15801,126,2
2674,10913,16323,363,5
2675,1887,6279,88,1
2676,8817,18067,71,1
2677,15801,19341,224,4
2678,17922,17922,0,0
2679,6279,8832,167,3
2680,8817,19341,88,1
2681,14219,8007,394,6
2682,6457,3784,163,2
2683,14586,3466,304,5
2684,10523,6279,119,2
2685,3053,1887,29,1
2686,11714,3561,348,5
2687,6492,12901,294,4
2688,1022,14219,374,5
2689,1532,16063,571,8
2690,11236,16323,359,6
2691,8810,13209,258,4
2692,19154,11101,86,2
2693,12901,16415,478,7
2694,3053,8817,279,4
2695,17339,8817,165,3
2696,16063,4005,680,10
2697,6457,19454,202,3
2698,19154,8832,57,1
2699,10913,3053,236,4
2700,4072,11236,306,5
2701,2771,17057,367,6
2702,6074,1022,32,1
2703,11211,18067,90,2
2704,11211,8810,51,1
2705,2379,13748,320,5
2706,17057,17057,0,0
2707,13601,19113,331,5
2708,19154,16415,418,6
2709,16415,16063,97,1
2710,13403,6492,233,4
2711,8817,5452,327,6
2712,6074,16323,460,7
2713,11714,19454,130,2
2714,17339,1022,336,5
2715,15801,17339,162,3
2716,6615,3784,200,3
2717,14845,16063,301,4
2718,16063,6615,450,7
2719,4005,13209,401,6
2720,3784,1505,142,2
2721,7606,11741,58,1
2722,4730,7801,595,9
2723,10913,5452,283,5
2724,6279,6095,27,1
2725,17339,6074,308,5
2726,6279,4005,166,3
2727,7307,12144,145,2
2728,8691,10523,85,1
2729,8817,1505,219,4
2730,7307,17339,180,4
2731,14219,1862,466,7
2732,3561,16063,680,10
2733,6457,8832,132,2
2734,14219,2379,476,7
2735,5452,14219,386,7
2736,2554,10523,264,7
2737,8817,6492,123,2
2738,8691,6492,150,3
2739,6074,1532,66,1
2740,3466,8810,253,4
2741,16415,6074,493,7
2742,8810,7801,57,1
2743,14845,11236,245,4
2744,4072,6279,167,3
2745,4072,13748,391,6
2746,13209,11211,254,4
2747,11211,11101,3,0
2748,17339,19454,111,2
2749,3053,8810,290,5
2750,8810,19113,66,1
2751,13403,14219,201,3
2752,13403,10523,228,3
2753,5452,17057,455,7
2754,3561,1532,166,2
2755,7801,3466,238,4
2756,6457,1887,123,2
2757,11714,11101,29,1
2758,14219,13601,217,3
2759,6615,4072,242,4
2760,4730,6492,472,7
2761,8810,16415,432,7
2762,6074,16063,506,7
2763,19154,18067,71,1
2764,14219,3466,372,6
2765,19154,14845,245,4
2766,13601,13209,73,1
2767,4005,14219,544,8
2768,13403,18067,217,4
2769,1887,11236,227,4
2770,6074,14219,397,6
2771,4730,4005,264,4
2772,8832,1532,215,3
2773,5452,1532,226,3
2774,1862,19154,303,5
2775,11714,1887,233,4
2776,2379,1532,53,1
2777,14845,17057,190,3
2778,2379,1760,37,1
2779,8007,12144,233,4
2780,18067,15801,217,3
2781,7307,13748,167,3
2782,1760,6457,101,2
2783,2554,4005,191,6
2784,4072,17339,488,7
2785,12144,7606,134,2
2786,4005,8810,347,5
2787,4730,7307,569,8
2788,16063,1532,568,8
2789,11239,16323,375,6
2790,19341,7307,115,2
2791,16415,13209,246,4
2792,6074,17057,302,5
2793,4730,1760,373,6
2794,19113,11239,111,2
2795,6279,14845,316,5
2796,7801,11211,39,1
2797,12901,7606,295,4
2798,12144,4072,257,4
2799,17922,2346,354,6
2800,17339,17057,19,0
2801,13748,6457,224,4
2802,1505,13748,275,4
2803,10523,7307,32,1
2804,8691,6095,183,3
2805,3561,6095,216,3
2806,10913,6074,114,2
2807,8007,4072,395,6
2808,1760,1022,73,1
2809,3466,3466,0,0
2810,6095,16323,458,7
2811,10913,13403,223,3
2812,10913,14219,367,6
2813,6615,14586,371,6
2814,3784,17339,447,7
2815,12144,11714,179,3
2816,2771,8832,216,4
2817,16415,6279,518,7
2818,1532,6095,76,1
2819,7307,19454,94,2
2820,11239,1760,202,3
2821,18067,3466,300,5
2822,4730,18067,651,10
2823,14219,1505,429,6
2824,4730,16323,899,13
2825,1760,6074,78,1
2826,11239,7307,16,1
2827,3053,1022,117,2
2828,18067,11714,129,2
2829,18067,1862,316,5
2830,11236,13403,264,4
2831,1887,10523,199,3
2832,10913,17057,200,3
2833,1887,18067,311,5
2834,4072,16323,638,10
2835,17339,15801,162,3
2836,15639,1760,540,8
2837,1532,4005,111,2
2838,6457,11101,101,2
2839,8817,11239,40,1
2840,12144,3561,210,4
2841,15801,11741,338,5
2842,7801,17057,155,3
2843,14219,13748,203,3
2844,3784,2771,168,3
2845,5452,6615,285,4
2846,6492,19154,171,3
2847,6279,8810,185,3
2848,6492,3466,115,2
2849,8691,14219,406,6
2850,8691,13403,297,4
2851,13209,6095,252,4
2852,6457,13403,224,3
2853,19341,19154,46,1
2854,16063,1505,565,8
2855,2554,6615,221,6
2856,4072,3466,155,3
2857,18067,19454,48,1
2858,3784,8810,310,5
2859,17756,6457,256,4
2860,4072,11714,314,5
2861,1887,17922,358,6
2862,3561,5452,94,2
2863,5452,4005,239,4
2864,11741,16415,480,7
2865,11741,4005,332,5
2866,4005,13748,390,6
2867,14219,2554,549,11
2868,1887,4005,85,1
2869,6492,6492,0,0
2870,8007,8007,0,0
2871,12144,15639,463,7
2872,1505,6074,64,1
2873,3053,7606,244,4
2874,13403,13403,0,0
2875,11236,6615,68,1
2876,11714,13748,202,3
2877,7801,13748,136,2
2878,6457,5452,248,4
2879,19113,7606,108,2
2880,6615,15801,342,5
2881,17922,8832,121,2
2882,19454,7307,94,2
2883,8007,2346,308,5
2884,10523,16323,368,6
2885,1532,17339,372,6
2886,4072,7606,304,5
2887,19454,5452,366,6
2888,7801,19341,114,2
2889,10523,13748,170,3
2890,7307,15801,281,4
2891,4072,11211,301,5
2892,17756,1887,372,6
2893,19113,4072,407,6
2894,2771,8817,224,4
2895,16415,3561,592,9
2896,11714,12901,335,5
2897,11714,1532,198,3
2898,6492,3561,247,4
2899,6615,6457,42,1
2900,18067,19154,72,1
2901,10913,16415,439,6
2902,15801,5452,528,8
2903,2771,6279,78,1
2904,13403,3466,178,3
2905,7307,6457,111,2
2906,2771,11101,185,3
2907,1505,6457,86,1
2908,13403,19154,278,5
2909,11714,12144,175,3
2910,8810,6095,170,3
2911,8817,6074,157,3
2912,14586,19154,344,5
2913,1887,1760,30,1
2914,13601,16063,398,6
2915,17339,3784,447,7
2916,6615,1022,89,1
2917,11714,17057,211,4
2918,6279,19154,220,4
2919,18067,6492,184,3
2920,13209,8832,251,4
2921,6492,18067,179,3
2922,11741,16063,450,7
2923,13209,19154,263,4
2924,1532,18067,278,5
2925,17756,17922,73,2
2926,1862,1760,30,1
2927,16415,7307,423,6
2928,11236,8832,33,1
2929,2771,1505,54,1
2930,11239,11239,0,0
2931,13209,1887,324,5
2932,13601,16415,312,5
2933,18067,17339,101,2
2934,4730,11236,567,8
2935,14845,13748,67,1
2936,4005,4005,0,0
2937,1887,13209,322,5
2938,11211,6074,124,2
2939,2554,14586,482,10
2940,1862,19341,341,5
2941,3784,3466,65,1
2942,16063,19113,334,5
2943,11211,12901,318,5
2944,3784,15639,603,9
2945,8810,8832,19,0
2946,11101,1022,148,3
2947,19454,11741,151,3
2948,6279,2379,98,2
2949,4005,7307,307,5
2950,11236,17922,152,3
2951,8832,19113,80,1
2952,8007,6074,214,3
2953,3784,8007,353,5
2954,8810,16323,356,6
2955,11236,15639,357,5
2956,1887,2554,117,5
2957,6615,19454,160,3
2958,6457,6074,24,0
2959,16415,16415,0,0
2960,14219,4005,544,8
2961,19454,15639,273,4
2962,19154,16063,337,5
2963,17756,4072,453,7
2964,6095,18067,213,4
2965,8007,1022,242,4
2966,14219,1022,375,5
2967,17756,10523,200,3
2968,13209,6457,276,4
2969,19113,3053,347,5
2970,19454,13748,156,3
2971,11101,6457,101,2
2972,11211,3561,339,5
2973,1862,17339,406,6
2974,15639,12144,464,7
2975,6279,3561,221,3
2976,17922,6279,275,4
2977,2346,16415,572,8
2978,8810,6615,107,2
2979,8832,13748,169,3
2980,6074,7307,130,2
2981,13748,15801,252,4
2982,17756,17057,92,2
2983,18067,8810,82,2
2984,2554,3561,253,6
2985,15801,4730,833,12
2986,1532,14586,365,5
2987,1887,7801,254,4
2988,16415,2346,572,8
2989,11236,10523,39,1
2990,10523,6457,85,1
2991,19154,6074,206,3
2992,12144,7307,145,2
2993,14586,18067,282,4
2994,3784,2346,165,3
2995,3784,16063,603,9
2996,15639,3053,586,9
2997,13403,19113,280,5
2998,17922,18067,53,1
2999,7606,13209,247,4
3000,13601,17756,255,4
3001,10913,4072,295,5
3002,2771,3466,119,2
3003,11236,6095,129,2
3004,8810,12144,186,3
3005,19113,19341,30,1
3006,1022,13209,231,3
3007,12901,8832,329,5
3008,6492,19341,208,3
3009,15801,6492,369,6
3010,7801,16415,392,6
3011,2771,3784,168,3
