Path ID,ADV [Corrected]
192-165,8.09
70-29,142.24
108-3112,71.76
129-28,28.01
152-85,48.52
28-3114,4.63
177-54,4.56
127-181,334.73
60-85,14.65
192-64,45.7
100-69,110.51
66-177,7.93
43-47,4.25
131-3101,7.32
17-64,133.89
106-18,12.81
44-47,7.22
115-117,158.42
20-135,11.07
35-17,15.31
37-11,7.85
35-31,28.79
28-47,4.39
16-136,9.73
16-69,56.84
43-81,7.88
21-37,7.16
193-3112,14.95
16-108,36.43
156-16,40.19
40-146,3.06
28-21,117.21
116-108,36.04
145-44,7.35
130-11,19.03
74-54,27.93
176-74,794.23
150-3024,17.43
190-16,16.35
156-11,24.14
185-25,30.21
104-3112,37.89
68-163,20.23
146-176,69.95
34-166,2.98
192-3118,5.82
122-17,249.33
29-20,60
185-54,535.99
64-60,49.97
117-3114,5.33
171-41,17.21
171-11,113.46
193-74,18.09
20-66,19.16
135-193,13.32
60-86,28.06
156-43,15.89
100-100,323.44
81-114,279.61
103-149,13.96
34-108,7.25
25-114,0.55
156-103,35.06
125-3024,21.16
131-20,18.54
41-54,13.96
190-129,8.97
181-131,143.9
20-111,10.74
34-176,18.18
107-37,0.74
104-122,82.16
181-24,214.79
181-3114,188.6
142-20,86
43-76,2.3
76-69,21.1
179-156,19.8
75-3112,13.07
125-47,0.6
34-103,5.17
35-103,2.65
156-88,63.56
127-88,280.67
16-41,38.87
115-3081,34.76
26-85,37.4
60-40,138.8
193-69,12.05
171-88,311.23
16-185,50.57
130-85,16.32
85-16,318.35
104-24,5.11
116-54,7.23
110-131,7.67
75-145,23.93
104-3081,23.55
150-176,139.77
158-149,1.55
24-86,82.94
117-20,60.45
136-74,4.66
76-149,15.63
165-146,12.24
88-75,237.99
85-88,680.12
74-29,38.9
31-181,33.22
106-69,44.99
88-146,131.73
29-70,42.43
166-3101,2.29
179-129,2.04
177-29,12.75
106-40,3.07
28-149,19.61
31-177,6.57
130-106,14.55
34-68,15.68
125-115,19.3
176-107,541.29
117-41,14.22
68-3081,11.58
194-69,172.71
104-88,24.57
129-107,16.78
66-20,39.2
47-171,1.13
110-40,7.18
116-136,3.87
86-3112,190.49
103-129,9.35
81-131,41.56
158-163,3.08
150-74,24.28
26-3102,13.25
146-88,37.16
69-3102,44.19
54-26,14.35
114-192,20.92
18-66,53.22
17-166,2
177-139,8.85
104-142,25.76
25-40,1.09
85-139,100.6
166-165,5.48
31-103,75.33
177-163,8.92
166-3024,5.82
81-88,339.22
106-37,4.21
108-116,21.52
106-145,6.7
181-64,565.79
40-129,4.93
40-181,8.41
17-129,5.3
156-129,14.91
66-3102,12.97
166-86,11.53
177-25,0.79
104-17,62.36
18-81,22.26
21-60,5.59
29-106,17.14
190-149,8.53
43-54,10.39
100-106,83.08
122-191,84.57
26-64,64.82
131-149,63.04
68-43,53.81
103-108,44.23
190-177,6.82
68-142,126.87
75-17,23.84
131-60,4.76
139-21,10.52
64-88,179.21
177-116,2.82
100-127,77.92
85-130,275.24
Nov-60,12.49
181-21,584.14
44-136,3.21
163-165,2.69
20-177,10.82
130-114,8.53
142-43,53.98
190-35,4.2
156-35,11.03
179-166,11.67
86-194,148.33
142-11,36.81
44-68,3.94
60-20,157.48
20-106,20
24-21,424.14
29-191,37.7
21-3114,3.61
16-66,67.49
129-86,64.15
106-166,5.39
75-3118,8.95
185-3101,285.34
54-166,2.89
136-122,29.49
40-176,8.36
193-193,38.12
127-86,375.28
43-74,3.05
69-194,19.03
145-158,1.03
88-35,41.92
117-106,111.89
34-181,9.18
17-18,163.12
179-3024,7.15
115-150,86.55
76-117,54.53
179-69,9.57
34-177,2.56
18-86,57.29
192-135,3.84
74-177,15.38
111-142,29.57
20-127,54.32
35-163,1.35
44-66,4.21
150-11,17.66
146-3118,9.55
24-122,265.61
81-31,186.05
18-54,27.73
139-86,12.65
117-28,86.5
181-136,93.28
190-86,35.63
129-35,8.45
116-179,5.31
76-81,132.25
20-117,47.32
100-16,43.44
70-34,47.78
115-193,20.37
40-135,4.29
145-29,16.12
81-21,287.83
111-135,5.85
35-81,6.71
88-64,483.91
110-122,33.04
81-28,417.23
40-54,36.53
130-28,7.53
110-29,11.18
29-110,4.11
156-135,6.98
40-74,13.67
76-28,47.17
149-64,5.09
29-192,29.65
111-190,22.16
21-130,8.24
20-145,36.79
69-152,2.92
130-70,16.25
104-37,16.09
66-3024,22.63
70-129,35.31
129-74,19.11
70-28,157.46
76-116,12.96
16-40,21.83
64-156,33.16
181-177,407.33
171-3118,39.22
191-177,76.85
35-3114,0.62
104-106,32.23
191-163,39.51
192-146,16.71
106-165,3.03
85-68,450.89
190-27,1.4
28-131,10.58
26-3081,17.02
104-28,35.2
44-165,1.24
88-166,80.61
156-60,6.01
131-185,67.3
193-43,4.27
117-194,41.05
165-145,11
81-181,473.53
135-18,23.12
115-3102,66.14
24-81,152.14
24-135,30.64
115-130,38.73
114-145,21.75
185-150,678.33
145-35,2.97
86-3101,65.01
54-60,4.11
158-115,1.03
76-47,1.44
193-115,19.15
88-18,152.74
135-3024,19.92
41-27,1.4
117-17,37.68
125-70,57.81
116-20,14.34
136-20,2.17
110-3065,6.73
110-69,15.6
31-171,9.9
66-60,31.52
103-190,92.56
100-129,7.58
41-194,13.22
37-110,0.87
20-107,11.98
139-111,3.41
111-27,4.52
40-125,9.33
166-117,7.38
86-122,123.15
40-75,8.21
165-166,6.73
122-114,172.5
88-69,257.93
81-29,465.37
34-122,29.03
139-3114,0.58
29-100,20.41
190-135,2.73
40-177,3.58
35-122,25.32
69-142,21.85
192-69,15.72
122-28,259.79
111-66,18.86
31-81,82.78
68-131,21.22
146-103,50.33
88-43,147.34
158-86,5.14
28-27,9.12
54-69,18.07
139-108,5.18
24-149,17.92
165-171,49.76
192-3081,7.44
29-43,26.85
135-125,41.34
35-171,2.12
139-106,9.49
66-129,5.46
156-115,65.9
34-171,5.08
190-117,14.82
34-104,1.45
41-108,7.85
81-64,285.66
136-100,10.54
68-130,40.6
54-28,25.03
142-114,86.08
88-54,135.02
21-74,16.24
122-18,162.55
100-111,86.76
86-81,238
176-156,1000.29
29-176,98.85
192-68,36.78
26-193,22.57
106-3114,4.05
103-17,75.52
100-88,194.66
146-193,18.1
114-27,2.71
166-85,11.37
125-29,41.05
17-81,13.14
130-125,25.63
24-66,241.54
192-193,29.85
149-145,12.03
29-181,69.26
41-70,8.63
131-86,18.87
29-47,5.19
54-103,10.4
54-85,21.32
85-103,556.26
145-193,2.77
40-104,9.77
190-60,4.32
114-136,18
166-116,3.72
135-74,13.68
60-152,7.11
149-17,1.95
47-81,0.77
166-3071,9.26
104-76,12.44
171-3024,27.37
110-3081,20.71
115-18,33
40-106,12.93
31-70,90.37
135-179,8.33
16-64,90.62
27-115,0.98
108-85,60.13
54-44,5.57
176-158,135.17
21-18,27.85
16-3024,14.3
44-26,7.42
171-20,39.68
85-136,82.06
28-3118,25.21
149-21,1.66
131-31,12.32
179-43,8.7
26-110,11.85
106-28,22.21
54-3102,17.14
74-44,7.08
156-3112,10.13
16-106,25.26
149-75,1.15
18-136,3.6
85-179,195.56
103-150,42.53
88-114,740.2
18-192,9.93
21-31,56.8
110-20,18.42
117-107,58.36
117-125,34.67
191-100,104.91
156-47,2.92
179-24,8.12
125-74,8.52
40-156,9
156-190,58.45
122-40,192.05
35-70,9.52
20-35,18.86
185-41,370.36
177-165,13.3
41-85,5.01
110-81,51.1
20-3081,4.92
156-185,84.09
44-21,2.85
135-64,57.82
185-158,68.69
122-117,119.68
193-26,10.15
20-60,15.18
37-43,7.62
31-3112,120.65
146-66,18.12
76-26,15.57
115-3117,93.72
34-28,9.09
116-127,15.14
116-24,17.27
139-29,3.55
54-125,6.61
108-88,61.45
35-158,1.84
34-41,7.69
166-26,6.84
166-3102,1.03
41-135,2.12
68-40,39.94
166-131,5.43
85-145,220.4
40-115,7.16
111-44,2.75
34-145,6.76
40-76,5.47
18-18,64.69
106-24,16.63
74-185,38.21
142-31,143.86
110-3024,21.11
145-41,3.88
21-142,41.23
35-142,15.48
122-130,320.18
20-68,27.85
37-3114,1.34
41-3101,9.65
44-16,5.32
165-149,7.77
76-54,8.65
111-152,11.48
135-29,24.99
37-142,5.41
69-3081,8.32
122-194,101.92
86-16,206.61
60-31,618.29
116-18,17.49
116-111,16.59
21-163,2.44
127-40,53.42
111-81,21.35
107-146,5
192-66,28.65
111-158,2.02
75-114,24.84
66-131,16.59
114-37,8.59
31-108,31.37
136-26,3.48
181-29,276.25
192-24,25.69
54-86,27.91
131-139,102.12
88-74,251.66
179-125,4.66
192-3101,11.37
28-54,40.17
100-3024,26.09
129-76,13.98
60-27,6.94
24-35,67.14
156-18,19.46
20-163,5.57
75-135,9.12
111-76,16.63
18-41,29.01
125-27,1.43
156-176,67.61
135-34,1.98
122-20,168.84
34-86,10.61
76-158,1.11
185-139,328.12
156-114,65.54
106-129,5.96
127-145,175.85
26-21,43.02
66-21,42.2
108-192,26.04
64-69,98.79
177-130,18.15
139-190,12.69
34-111,5.87
149-125,4.76
107-18,9.2
122-86,159.21
104-18,25.58
16-28,59.47
40-185,41.24
29-158,16.34
114-18,42.84
193-176,107.73
166-145,10.59
69-81,17.18
150-40,23.97
54-3065,4.94
114-194,36.13
28-44,38.38
171-44,55.58
81-3065,103.23
100-156,17.22
81-115,210.92
171-177,39.12
194-193,390.16
145-179,4.84
129-110,17.66
115-37,11.74
75-106,13.48
150-185,246.52
86-60,77.21
54-68,10.88
21-131,1.59
74-81,137.86
131-3081,19.73
139-24,11.64
130-103,13.2
60-21,149.2
110-135,8.17
68-81,53.39
24-20,194.53
104-139,21.99
26-3071,34.64
75-131,5.28
107-3071,17.99
142-21,79.47
108-142,48.77
44-192,2.82
70-171,152.8
110-139,9.42
110-136,2.54
193-68,11.4
104-135,15.67
41-150,16.73
156-3117,9.85
166-21,7.74
27-114,1.19
149-158,1.78
116-192,9.1
85-3118,326.84
116-158,0.63
44-76,2.81
145-108,4.4
64-20,138.6
24-165,15.33
136-40,1.04
158-127,1.44
29-11,64.34
122-24,168.85
26-66,45.67
68-41,34.52
104-81,32.45
41-129,2.25
85-190,282.81
136-107,4.21
27-16,0.84
18-35,9.7
44-54,2.12
17-34,28.6
115-129,6.12
75-179,11.67
64-81,143.77
130-3117,3.39
115-27,0.78
47-16,0.92
163-176,11.36
156-44,8.3
181-176,806.24
16-86,39.85
125-108,24.83
135-142,101.43
75-104,25.23
44-17,9.82
103-47,1.1
75-54,5.54
103-85,127.5
75-44,6.18
127-3114,22.85
64-130,27.9
185-192,63.71
156-107,20.64
88-24,299.43
86-31,160.19
74-16,48.03
17-86,29.51
150-54,18.22
41-117,9.82
108-194,37.09
149-3024,1.01
43-176,13.33
158-165,2.99
110-125,16.85
24-176,129.97
108-76,30.92
185-115,140.96
26-Nov,37.2
158-24,3.63
43-179,2.1
106-125,24.25
171-194,249.8
85-166,190.66
179-127,6.22
192-31,57.61
88-88,386.09
85-31,367.73
40-44,79.05
68-3114,3.67
17-131,2.55
103-3065,8.44
88-76,421.37
24-181,111.06
24-37,114.57
192-3112,6.93
110-163,2.42
37-181,3.62
20-100,26.89
122-181,146.1
81-104,235.67
81-145,149.72
47-176,0.58
145-111,4.39
171-111,34.43
177-104,23.53
37-16,7.94
181-40,214.19
111-103,44.66
76-64,42.25
139-47,1.11
74-69,72.46
100-66,75.5
150-60,14.19
125-16,31.73
25-185,1.11
193-136,2.17
26-127,19.37
21-127,15.02
139-69,4.81
149-108,5.23
Nov-47,6.19
135-3114,7.22
114-81,75.17
181-88,502.03
111-129,2.98
129-139,4.01
185-76,164.91
44-149,1.24
21-76,14.31
136-193,2.52
43-16,18.31
114-17,54.19
70-106,371.05
145-76,5.68
191-179,79.41
103-3118,42.42
40-116,2.17
146-179,17.92
131-66,20.61
31-156,31.21
29-156,44.84
20-25,3.79
103-28,33.73
115-11,19.69
26-114,32.75
149-3114,1.27
26-3065,9.35
181-3071,262.3
181-106,207.95
29-28,133.35
152-81,51.3
108-190,45.73
152-191,71.71
116-145,4.85
35-117,2.64
171-129,10.17
Nov-18,8.13
122-31,309.8
122-69,90.11
75-21,46.17
145-3102,5.96
35-150,5.28
100-107,98.61
129-3024,9.19
179-136,1.87
135-24,11.2
127-129,93.33
110-194,33.67
114-116,14.61
115-177,18.22
34-70,12.45
81-3101,714.82
190-37,3.75
43-3118,2.05
18-115,15.03
194-158,16.65
74-115,70.63
194-3114,21.23
194-115,122.61
35-127,2.26
185-193,110.23
156-25,1.38
145-24,7.21
107-185,26.38
107-131,3.23
177-76,7.11
44-176,14.16
177-193,4.21
176-3071,1376.41
104-54,17.3
131-136,50.28
70-131,35.38
66-88,28.08
192-150,42.49
166-107,2.21
130-110,7.57
107-17,5.23
17-75,16.48
28-3117,28.93
20-194,26.58
43-145,4.6
40-149,7
81-156,165.56
179-142,29.29
146-64,37.38
193-60,5.38
150-104,16.17
191-110,24.49
185-181,477.48
179-21,20.72
43-117,4.04
103-130,27.79
114-34,13.36
34-136,2.96
68-192,19.94
81-70,542.36
131-88,34.36
111-29,6.99
29-81,70.19
29-41,37.87
64-21,136.37
108-181,50.49
17-43,64.76
136-43,3.09
31-125,41.48
26-60,5.89
66-3081,35.23
11-185,30.7
34-43,9.58
179-3101,19.02
179-194,27.9
74-176,79.07
86-139,48.52
193-106,14.64
69-17,20.35
158-76,0.74
129-60,3.05
117-136,18.24
135-131,22.94
136-17,4.46
108-60,7.76
129-40,7.49
17-156,9.27
181-156,537.18
66-156,22.6
86-146,78.43
115-85,53.23
69-193,9.25
20-3114,3.55
69-107,20.32
131-117,8.91
104-185,51.29
149-131,15.95
171-85,153.15
190-100,22.6
41-31,59.56
69-165,3.77
111-149,5.17
69-106,61.42
129-176,20.38
179-3112,21.05
156-31,33.99
171-158,27.13
149-146,8.07
139-43,3.2
139-66,7.03
103-21,40.11
115-136,9.05
21-3081,6.34
103-27,2.13
74-3114,3.78
43-11,9.59
21-3102,22.11
69-37,4.29
100-176,176.69
117-131,19.71
115-44,10.32
177-107,21.83
111-11,7.08
86-129,43.09
24-11,346.1
104-181,54.73
17-85,14.14
181-193,358.81
70-43,62.56
115-108,80.85
26-190,10.29
131-171,19.69
17-40,55.2
177-185,38.13
31-75,44.02
194-29,78.53
114-3065,25.51
125-3081,10.34
193-47,1.02
166-136,5.15
35-135,3.04
74-117,35.76
142-16,47.18
136-179,0.55
16-68,59.73
75-3024,8.63
145-131,19.58
158-3024,1.2
86-193,93.76
125-3071,32.3
171-34,21.88
125-149,14.43
44-43,27.51
103-179,30.02
20-142,66.99
131-47,2.65
29-117,34.82
114-158,8.23
69-110,6.38
192-88,50.41
130-166,4.23
31-29,248.31
114-20,22.42
40-194,18.86
191-146,28.84
114-193,8.34
185-66,270.82
139-68,14.82
24-108,58.09
107-24,9.45
106-17,10.09
111-74,7.28
74-3065,6.67
64-111,49.57
191-156,195.8
Nov-71,8.68
179-3117,36.64
24-16,294.04
41-47,8.57
17-176,40.12
127-43,69.87
40-3118,18.28
108-130,34.89
103-76,82.66
190-31,28.42
129-117,21.75
85-34,126.84
37-136,0.67
110-104,24.25
64-3101,82.74
181-104,381.67
122-150,67.57
127-11,84.66
103-127,33.82
21-103,46.75
108-68,48.35
86-3024,38.22
43-149,1.31
35-41,7.32
54-66,20.05
149-3112,2.89
75-117,37.8
34-3112,2.07
136-18,4.59
106-150,27.38
111-68,24.62
31-3024,116.48
66-16,39.66
166-88,12.01
60-35,74.31
11-146,33.01
41-29,18.48
54-104,3.61
60-3065,16.72
146-21,26.24
37-192,1.69
44-181,4.21
70-146,130.6
18-74,14.41
43-104,2.83
135-100,28.02
81-100,381.94
88-3117,1118.38
146-111,16.93
44-177,3.42
21-106,13.98
185-28,1249.25
21-139,7.79
130-108,47.19
117-26,48.94
129-17,58.75
114-179,8.57
146-44,7.62
75-60,4.32
29-149,20.54
64-142,79.31
100-81,79.06
158-21,0.83
114-171,9.37
35-107,1
74-86,244.91
11-192,41.8
54-185,36.23
156-106,24.96
24-191,83.73
117-149,20.08
16-81,68.18
166-193,6.12
125-194,60.56
181-16,323.71
136-139,11.36
21-3071,15.58
193-166,24.01
54-110,3.98
185-166,110.88
156-20,40.4
47-40,1.38
68-191,47.28
34-20,16.16
44-156,3.95
192-114,28.78
116-185,80.83
194-139,32.61
192-130,7.5
47-88,0.7
44-104,4.07
54-70,36.56
194-24,58.76
111-156,3.73
146-16,37.06
28-179,17.36
191-11,49.08
88-3071,564.54
117-88,113.71
41-3117,12.87
110-156,9.17
86-149,40.05
103-166,11.67
70-26,97.43
193-111,3.37
21-165,5.32
149-127,7.19
35-18,12.49
28-177,9.68
31-3114,10.54
64-68,332.55
177-142,27.58
156-27,0.71
108-34,8.8
146-106,23.62
103-106,60.95
191-64,61.17
20-17,95.71
17-185,16.66
75-43,11.28
24-Nov,154.03
43-3081,1.28
17-171,8.27
176-150,1254.92
131-76,14.06
104-145,22.98
64-181,174.03
47-115,1.28
43-3065,0.59
158-131,1.17
70-149,85.63
74-3024,19.04
111-3112,24.62
88-125,323.96
116-194,33.25
135-76,26.29
106-142,39.72
104-64,47.38
145-68,18.8
176-16,463.18
110-3101,34.24
191-176,199.05
192-179,7.87
125-145,14.99
194-31,87.78
131-21,15.72
66-114,15.63
185-146,282.86
64-177,25.12
130-145,82.93
139-3117,1.99
146-107,8.25
176-31,846.4
17-146,9.72
127-54,54.12
193-75,23.63
125-18,9.5
88-177,159.17
64-125,41.39
74-3081,39.8
34-107,4.87
156-64,66.49
190-26,7.17
28-130,37.53
122-116,26.2
88-181,762.23
86-166,94.73
104-129,7.97
166-142,34.21
107-115,19.78
130-41,5.23
129-130,11.43
11-191,23.13
85-81,335.07
86-103,153.78
81-17,443.22
191-193,88.73
176-20,239.33
85-40,81.65
68-18,49.96
192-103,17.65
75-116,7.48
176-193,745.83
40-3071,13.86
43-129,2.81
131-193,6.55
16-47,3.2
18-100,69.25
35-3024,4
194-129,18.76
131-24,9.96
107-3102,12.01
76-135,7.86
139-18,5.8
60-26,168.27
76-18,18.88
31-18,215.4
107-28,7.35
190-103,25.55
146-70,54.88
152-185,88.47
181-3024,211.43
127-31,239.1
135-149,14.18
115-135,10.66
44-3024,3.88
145-3081,5.13
70-40,49.35
34-81,13.63
117-135,30.31
31-69,66.78
20-130,10.55
24-27,17.77
64-158,4.47
179-75,11.67
129-41,16.48
54-64,26.16
171-3114,6.08
110-75,18.57
66-130,18.02
171-68,85.75
76-68,39.89
21-88,30.55
146-86,38.7
68-104,22.93
130-111,5.3
181-190,874.84
81-106,334.67
127-127,425.61
70-166,121.77
64-129,34.9
75-181,45.56
110-179,9.76
129-21,55.97
179-40,4.23
70-16,157.61
146-35,7.32
74-17,21.59
103-163,2.57
76-34,6.82
37-185,31.21
142-166,50.48
20-136,13.31
149-100,19.38
181-43,300.48
81-111,45.55
54-54,54.7
117-60,13.62
41-122,22.79
152-179,32.61
139-3081,1.64
18-3071,14.87
176-54,235.46
127-177,196.84
139-26,3.03
60-166,1.91
156-177,51.19
66-116,9.8
107-3081,7.1
41-192,8.67
74-3112,36.69
41-136,2.44
116-41,4.33
40-85,48.94
131-158,3.32
107-150,8.57
193-127,4.9
130-181,28.4
106-31,14.99
31-20,203.36
26-18,42.46
24-44,51.16
171-114,57.9
29-171,26.13
135-127,36.71
185-47,90.26
192-29,37.75
142-3117,25.23
27-194,0.6
18-85,40.5
166-54,9.03
194-25,5.55
40-114,6.71
76-20,19.92
110-190,15.07
41-3114,1.11
100-85,229.63
74-129,11.44
181-158,230.1
100-185,159.48
135-117,26.66
100-181,30
103-3024,16.51
18-21,70.72
116-21,17.86
171-64,207.93
100-44,4.01
64-17,215.5
34-114,3.42
139-171,7.07
20-29,46.06
181-44,209.8
75-88,143.1
81-68,171.37
17-66,48.25
150-110,9.24
64-3065,33.75
136-142,27.85
104-176,58.49
150-114,17.6
69-21,30.02
29-26,40.79
16-44,16.58
135-171,11.14
179-104,10.4
117-3117,55.14
34-146,3.58
131-75,13.05
18-131,6.18
117-3024,20.64
150-24,52.6
70-3071,428.63
135-130,36.2
81-25,14.27
145-3024,2.67
135-176,23.84
146-47,1.88
107-156,5.7
191-3112,45.58
129-37,4.35
37-68,7.21
70-122,570.1
106-44,3.33
31-117,63.63
44-69,3.5
166-18,8.94
68-16,120.48
26-31,75.92
110-115,42.2
166-3117,5.02
17-37,26.08
111-24,15.33
192-181,47.54
179-130,10.27
179-3071,16.54
127-25,1.9
17-27,4.1
114-166,9.24
18-3024,19.11
18-156,24.83
24-192,20.66
70-35,38.94
171-181,272.41
81-150,530.26
47-47,1.3
150-27,1.44
81-117,211.57
34-179,2.55
190-70,28.55
34-150,8.5
35-3112,2.35
192-44,2.03
142-3112,31.83
35-44,7.46
190-127,16.38
76-150,40.61
116-3112,47.13
176-44,188.11
37-139,1.89
158-192,1.06
108-127,33.71
44-150,3.71
66-31,67.3
104-165,9
191-35,30.95
108-115,54.3
149-130,19.02
142-44,34.93
146-41,6.54
66-66,55.36
24-125,24.66
24-3071,27.99
21-68,30.49
75-34,4.7
158-145,0.57
135-47,3.23
103-165,4.93
75-24,21.3
117-146,15.81
190-163,7.37
125-3065,28.58
190-64,23.87
104-114,18.04
26-165,10.84
75-70,129.99
20-110,30.54
70-3114,57.53
34-135,7.34
68-145,34.6
86-135,73.68
70-47,6.04
190-152,23.95
76-177,8.95
176-191,1353.78
127-3065,26.69
100-136,3.13
69-108,21.28
18-88,59.86
158-18,0.81
176-165,163.28
24-107,49.91
115-139,16.46
11-108,29.52
114-16,26.16
60-76,23.54
37-106,3.96
149-29,2.02
60-88,42.47
100-146,27.69
127-190,154.57
156-21,58.98
171-18,65.06
40-41,42.99
40-139,6.31
193-21,16.1
108-25,1.26
193-108,17.56
11-136,12.83
107-193,2.2
156-125,29.3
29-3114,2.01
20-81,67.94
127-146,135.17
41-171,5.99
31-111,13.51
68-125,57.71
158-108,0.69
43-60,2.12
111-108,21.14
104-44,11.47
74-76,70.9
43-136,0.88
103-135,13.6
43-108,6.95
68-103,78.33
116-100,60.87
166-191,12.5
66-3071,45.54
17-177,2.9
116-3071,33.27
106-191,14.99
16-125,20.87
149-3081,1.42
11-166,25.84
29-193,17.6
125-110,4.07
21-171,5.25
149-165,3.48
81-41,92.47
29-190,34.04
122-111,97.66
68-106,37.29
81-74,244.49
193-40,4.45
26-146,10.73
66-107,25.42
117-27,1.55
66-64,71.49
111-28,20.09
116-40,2.86
27-3101,1.03
26-81,27.47
74-47,3.49
136-60,0.55
44-37,6.63
129-43,8.54
156-139,28.61
107-3065,3.3
145-104,2.55
21-64,42.62
150-37,4.41
179-145,8.06
177-152,6.56
149-179,1.15
103-24,32.87
111-54,2.59
111-3117,23.29
139-145,12.91
86-26,88.87
26-135,6.56
16-181,28.59
37-156,3.53
179-176,62.95
166-115,6.72
114-3114,41.61
150-150,332.96
166-43,10.86
136-41,1.06
88-106,732.39
44-125,3.69
156-70,97.46
18-64,70.51
191-145,36.16
31-100,77.37
145-81,14.33
176-108,721.3
191-17,48.51
103-122,57.02
86-3118,53.77
139-185,15.84
193-37,3.23
24-34,56.69
181-25,21.75
139-125,6.8
193-3065,2.12
54-139,6.02
129-31,62.83
194-28,133.98
31-43,77.27
179-3081,16.21
116-139,9.77
17-125,3.61
69-11,6.74
193-142,25.62
171-3112,128.48
24-185,104.62
125-76,21.06
191-76,49.86
64-114,76.57
70-135,34.84
166-156,31.34
66-41,14.78
11-Nov,172.4
185-64,725.33
43-75,4.24
20-70,36.86
17-41,82.83
149-3117,2.54
181-191,503.3
43-166,1.1
179-108,21.42
68-24,75.53
158-81,2.68
81-47,31.57
Nov-40,21.41
21-3024,42.2
192-85,50.84
108-28,18.51
145-17,5.38
104-43,13.74
185-86,242.51
122-35,88.74
17-21,97.05
21-100,58.85
177-131,4
150-47,2.13
60-142,33.91
37-85,7.68
21-41,21.59
70-115,256.93
127-66,61.59
177-3118,3.22
68-64,83.65
88-44,168.8
139-74,6.55
28-107,38.94
108-40,6.53
158-185,7.18
104-146,18.53
116-103,49.62
181-142,619.96
166-3081,5.37
116-165,5.85
60-111,19.45
116-11,6.89
193-41,6.54
131-115,17.28
34-125,5.12
34-66,14.42
104-177,19.26
125-3112,88.53
139-85,32.66
171-110,33
115-191,34.37
130-29,10.51
145-100,4.99
146-116,15.12
171-3101,54.08
17-106,14.29
29-27,1.97
37-40,7.35
136-3024,1.15
34-3081,1.07
21-125,10.46
108-31,27.41
69-190,12.3
104-3071,35.14
127-116,187.45
26-111,5.35
69-26,15.37
152-165,63.5
156-191,41.52
60-139,9
34-194,5.37
54-142,14.54
69-86,45.3
110-68,16.13
34-3102,1.32
76-17,52.07
81-60,45.09
166-17,10.4
29-142,45.34
114-129,16.11
69-166,4.01
146-3114,1.03
74-21,22.98
116-122,31.35
185-122,1030.3
70-3024,156.22
106-131,5.44
193-103,27.39
17-165,3.53
131-176,49.27
75-3102,23.15
150-179,66.09
125-104,26.29
176-3102,1073.79
115-131,7.56
106-127,32.42
191-47,6.59
149-185,16.07
192-3024,5.17
104-47,3.57
106-88,28.23
64-26,56.75
68-47,5.49
103-193,10.55
194-3081,219.21
44-142,2.8
74-18,25.7
165-152,20.37
149-26,1.02
40-16,48.77
35-130,2.09
158-103,0.93
181-85,371.27
75-136,4.33
156-131,11.91
66-103,30.86
149-139,31.18
37-179,1.08
21-75,7.13
177-86,34.02
69-158,1.45
107-34,1.43
28-122,227.81
125-11,10.3
26-139,6.13
136-16,5.41
29-179,9.78
20-54,34.22
131-11,17.49
194-86,432.95
60-74,10.72
191-129,28.53
146-18,18.07
40-130,7.51
24-75,62.7
41-68,5.52
181-34,63.39
156-166,75.11
149-171,4.46
111-139,8.47
40-43,34.73
40-18,31.05
75-176,46.19
176-100,517.06
66-3101,27.55
190-68,13.86
60-176,11.83
29-146,15.06
34-130,5.83
135-3081,13.92
85-70,540.96
190-108,17.7
31-54,76.97
142-47,8.81
150-43,14.02
76-88,174.75
158-176,6.23
20-16,81.77
190-136,5.56
149-43,0.68
11-111,3.23
145-136,12.04
150-191,124.54
127-117,327.45
68-70,108.16
190-179,11.29
11-171,20.82
117-76,93.94
37-27,2.01
156-41,12.75
191-18,64.05
27-81,0.9
18-139,4.46
122-192,58.77
54-192,4.93
146-31,25.69
29-40,27.79
135-54,26.62
192-115,68.53
44-166,4.45
60-192,3.68
181-152,380.65
171-103,161.69
181-108,225.07
70-179,130.26
129-108,31.01
110-31,19.93
37-66,9.26
20-166,4.71
150-181,205.06
75-86,68.66
85-104,233.21
142-28,83.22
181-171,421.62
194-156,165.03
86-27,8.72
68-179,34.75
16-166,6.51
171-104,76.39
26-35,12.23
29-29,205.81
125-54,15.72
75-31,48.23
171-40,46.75
192-107,15.07
171-108,112.17
171-100,127.48
194-136,24.4
181-114,189.47
131-3071,23.24
116-3114,9.95
171-131,72.34
28-135,11.15
107-3114,4.16
114-139,12.22
194-43,23.17
116-142,15.05
185-125,303.96
177-150,13.16
136-81,6.43
171-75,168.32
75-3081,16.88
37-86,3.98
75-3071,25.83
64-37,60.7
88-3102,555.13
192-41,2.82
171-122,228.34
142-125,28.69
88-20,262.36
106-194,29.47
166-110,3.14
106-192,12.91
152-156,138.31
190-44,5.04
114-130,24.64
18-145,15.95
20-69,27.96
69-179,4.33
60-165,9.56
114-47,2.84
70-18,174.19
116-149,10.25
191-81,182.51
29-130,22.44
185-3102,233.28
70-191,262.23
54-24,26.69
125-60,5.41
34-26,6.11
54-37,23.44
70-145,214.99
100-3101,161.77
139-193,6.94
176-3118,1052.3
86-29,113.17
26-3118,30.66
146-27,0.91
54-115,14.45
108-75,17.4
44-81,8.97
68-3065,23.51
60-28,410.4
16-139,22.3
88-27,18.62
152-76,23.21
106-146,6.52
69-44,3.9
68-76,23.31
136-37,0.72
179-116,4.32
100-41,11.41
75-152,12.5
16-29,67.66
125-3101,60.66
66-146,21.84
116-47,0.85
41-25,0.6
34-47,0.58
166-75,16.11
Nov-65,2.7
130-116,2.13
110-166,5.13
66-145,28.07
117-34,22.6
40-107,15.99
131-3114,1.26
181-3065,166.1
41-130,3.66
66-117,46.03
Nov-69,41.37
74-158,8.49
177-20,5.38
21-3101,14.95
129-24,35.17
136-131,11.9
64-31,154.08
69-41,3.11
54-179,2.25
165-142,50.48
16-3102,15.32
76-104,71.94
75-150,17.16
193-100,54.83
74-166,13.81
150-75,39.28
131-44,6.73
192-16,42.05
190-43,3.38
171-3117,38.97
116-129,3.35
100-3102,171.67
66-115,18.37
85-29,211.02
35-47,0.84
106-116,10.42
166-34,6.43
149-18,2.87
150-69,14
156-100,56.59
122-34,78.57
104-86,43.2
41-16,17.6
88-70,883.64
135-3101,48.12
179-47,0.72
193-27,0.53
28-37,67.75
60-66,242.72
60-25,10.03
26-171,7.66
135-139,36.55
35-40,4.5
43-64,13.98
60-145,22.44
28-104,14.42
40-179,3.01
69-117,37.19
60-117,20.46
114-60,5.1
34-88,11.61
76-129,4.74
108-35,5.75
117-179,10.4
40-131,2.99
150-103,62.82
11-181,88.55
41-3071,10.01
194-66,86.18
29-145,14.47
37-29,13.74
192-21,25.05
26-3114,0.65
135-35,11.09
103-11,30.45
115-41,10.81
117-171,49.61
125-129,13.03
74-130,35.48
191-114,36.68
131-41,4.95
26-75,46.39
81-86,643.58
66-166,10.38
125-69,61.15
185-3071,51.25
117-44,20.13
16-85,68.71
127-185,442.3
115-26,19.05
166-64,19.96
29-166,20.25
54-146,5.47
20-3118,4.27
41-111,1.8
74-3117,32.33
125-21,15.78
117-85,176.37
60-43,164.67
70-125,231.47
104-136,7.84
116-81,38.49
17-3065,5.27
176-64,463.67
104-40,22.75
43-107,5.49
11-129,23.94
107-179,1.61
192-166,21.11
114-122,77.31
26-41,37.47
85-66,195.57
150-66,66.11
107-127,8.58
171-130,49.95
145-70,19.23
29-129,7.14
76-139,11.87
131-35,6.88
149-116,0.81
103-117,64.08
69-20,18.38
107-100,73.7
17-142,21.42
81-69,78.63
21-16,37.24
114-76,75.4
136-127,16.99
18-3117,16.02
26-34,4.98
191-27,1.84
24-64,377.08
24-74,47.31
114-117,61.14
85-191,568.8
190-193,22.59
34-16,21.48
107-136,2.18
76-86,297.95
185-26,543.15
54-3101,13.08
131-107,6.91
74-152,19.85
43-139,4.33
181-66,400.19
146-69,17.36
192-35,4.42
131-122,126.53
17-135,2.71
81-136,47.59
139-3065,0.91
191-185,262.34
31-47,5.62
136-11,2.2
115-165,12.6
54-41,9.18
142-100,53.39
150-3112,29.36
139-191,4.81
171-107,98.57
136-3118,0.83
64-179,27.79
179-16,11.47
125-100,59.52
139-131,13.08
64-41,46.88
166-74,5.95
41-3118,11.55
75-64,45.19
54-158,4.1
24-17,288.28
179-149,7.02
28-156,24.15
41-75,9.08
150-85,33.05
156-37,15.33
142-66,31.03
116-156,6.26
171-17,80.27
122-43,139.93
69-85,24.53
20-40,36.83
26-181,45.53
116-150,19.19
35-110,2.16
179-31,27.83
181-35,140.92
85-11,354.44
28-76,25.07
190-122,24.18
44-129,6.95
115-88,187.63
21-28,47.25
129-11,20.19
139-3024,2.68
100-104,178.01
149-88,14.91
179-193,14.7
107-145,5.29
40-3102,20.89
185-27,29.34
127-142,175.18
171-176,242.34
69-146,10.49
194-68,93.21
69-24,8.31
127-3102,172.96
29-16,140.54
149-44,1.23
100-11,41.97
60-3102,0.53
60-146,18.32
70-158,40.41
40-81,27.54
181-103,437.06
74-142,95.09
66-76,34.47
107-74,13.56
125-88,34.19
108-20,26.16
100-163,2.44
108-11,21.62
181-75,310.89
28-125,23.11
108-43,14.38
130-193,6.34
191-191,263.66
29-194,51.3
166-37,4.83
142-41,23.02
75-192,18.02
Nov-88,116.21
111-3071,23.93
111-125,17.22
177-35,4.39
125-171,8.67
103-81,47.52
28-41,47.3
191-70,155.6
107-40,2.42
86-127,167.88
127-3112,221.73
108-129,10.45
142-3081,37.78
107-69,10.09
17-54,44.04
69-125,20.68
40-136,4.38
35-129,4.22
194-47,12.36
31-27,7.61
122-131,168.48
139-75,13.3
192-192,50.15
81-122,672.87
17-44,19.31
131-37,4.15
146-85,25.84
103-185,144.14
88-3114,66.11
106-41,8.45
194-54,35.7
107-60,0.9
129-3071,10.72
76-27,2.6
171-54,47.59
152-158,59.17
179-64,17.45
156-146,32.02
129-3112,8.37
29-25,1.47
179-54,6.35
117-66,49.23
40-192,5.26
191-142,138.88
75-26,13.34
116-75,10.05
166-146,6.63
16-115,42.05
127-100,479.71
69-34,3.14
191-108,45.54
146-171,25.11
125-179,7.64
41-37,16.85
21-179,5.76
18-107,17.22
16-11,45.8
54-81,23.63
107-152,1.71
158-88,2.45
108-21,45.41
115-81,107.95
190-40,6.23
192-116,4.96
44-145,2.98
139-177,5.44
191-104,27.67
107-75,6.68
27-185,0.7
190-28,14.74
171-190,130.04
75-139,5.95
34-156,13.35
193-20,13.95
37-150,6.85
26-88,38.77
146-76,17.95
191-131,40.18
127-16,52.5
190-54,11.82
115-40,9.46
29-114,23.28
18-179,4
43-34,2.45
185-191,168.18
41-181,11.01
106-152,12.29
136-21,5.76
34-127,11.5
31-145,28.47
26-142,22.51
11-176,79.1
111-192,5.67
26-131,7.46
29-44,10.66
60-60,86.71
81-3118,392.57
150-163,217.3
193-70,28.55
103-145,15.97
181-26,239.31
152-70,33.71
117-3101,49.18
24-166,10.28
28-24,113
104-3102,23.47
16-26,48.53
150-115,46.93
192-125,16.86
125-116,8.36
156-3101,10.25
18-129,2.66
18-43,26.8
135-104,44.59
193-44,4.42
111-16,19.02
135-136,15.86
16-171,10.63
35-146,1.97
136-130,15.19
54-34,17.33
44-3081,1.57
146-114,29.76
191-194,235.19
191-54,16.9
136-31,7.49
54-29,11.86
111-194,28.58
11-130,22.85
88-130,152.53
156-108,38.35
11-135,47.34
41-41,45.27
193-81,66.26
150-3114,4.28
34-76,2.16
177-81,24.24
37-177,0.82
145-16,5.21
130-16,33.19
40-69,8.7
88-34,67.53
60-131,13.19
127-60,25.78
177-24,6.26
139-17,8.64
146-17,26.89
37-125,5.78
88-3065,172.57
139-3102,2.89
11-145,79.76
177-115,42.34
135-158,23.47
60-163,2.1
88-3101,418.46
17-111,13.51
16-179,10.83
193-76,9.99
152-74,24.84
20-158,2.87
176-17,783.68
145-40,4.42
107-20,4.23
85-131,83.7
21-145,3.63
70-103,324.2
171-16,166.52
107-3118,8.31
27-26,0.63
171-185,151.81
88-68,749.77
88-111,155.1
86-44,53.57
110-3102,14.95
135-111,16
194-190,314.42
185-3065,100.59
149-74,1.08
69-171,4.53
86-111,66.04
131-3112,15.93
142-3114,4.21
130-60,3.54
142-60,21.87
66-28,39.63
68-139,54.59
41-74,8.88
66-149,20.89
76-191,57.84
68-86,201.13
70-194,223.43
34-31,22.97
181-3117,568.25
31-158,3.24
146-158,20.82
35-111,1.42
110-111,32.21
110-146,8.61
185-81,128.07
70-136,54.99
192-86,77.36
35-125,2.42
103-3102,73.75
18-150,13.37
142-3118,33.12
192-70,43.63
24-146,23.64
142-86,172.28
106-158,1.88
18-110,9.88
149-104,1.39
40-142,16.02
68-34,25.46
181-179,445.01
104-127,20.31
136-117,5.68
139-70,10.98
191-166,83.7
152-3081,28.73
108-110,30.19
129-122,29.86
150-25,0.52
166-16,14.51
176-3065,485.65
69-40,5.22
116-88,26.75
181-28,218.72
103-41,16.27
41-103,9.27
85-110,120.59
114-69,44.37
129-135,7.56
31-68,104.92
179-37,3.75
117-81,191.04
26-179,8.95
35-54,8.66
85-44,129.44
25-26,1.95
115-149,21.57
122-146,262.73
125-131,14.93
40-127,13.68
139-3118,3.25
191-3065,9.25
103-35,3.39
16-27,3.66
29-165,25.11
104-130,18.42
177-145,7.74
171-136,59.42
76-41,13.9
Nov-70,50.72
192-152,19.93
69-64,44.75
28-64,167.46
127-76,327.92
135-17,20.47
16-149,6.4
185-116,64.44
43-37,7.64
166-111,4.84
166-104,6.54
54-88,27.97
68-3118,29.28
26-29,93.46
24-3101,36.37
129-127,18.15
20-27,3.1
24-70,128.41
150-108,23.42
116-130,8.37
125-20,15.42
54-108,14.29
145-110,2.83
150-100,21.98
158-66,1.19
163-163,7.09
64-74,35.56
135-27,1
28-116,14.69
108-27,1.85
116-3065,11.58
111-177,3.79
68-35,24.8
88-31,393.11
100-191,119.25
108-100,59.22
130-3112,17.12
69-149,5.72
60-171,8.95
43-3112,1.99
191-171,113.39
111-146,6.12
114-3117,130
28-166,22.97
114-149,17.01
129-3102,7.64
185-130,243.73
44-28,9.35
171-163,34.37
74-156,18.52
68-25,4.85
142-136,45.9
76-166,13.24
26-43,19.18
70-114,444.4
66-26,27.03
34-60,1.76
145-31,10.77
68-3024,13.97
70-190,237.19
54-156,11.09
18-24,117.24
115-166,15.8
81-40,101
125-37,10.5
185-60,169.3
75-142,46.5
116-152,7.19
29-3101,20.03
185-88,104.07
86-75,102.63
28-85,85.2
37-81,7.72
17-150,26.06
17-69,25.48
41-18,20.26
75-110,19.76
40-166,5.76
152-193,21.77
85-74,368.96
11-149,25.81
139-127,7.57
37-54,44.35
68-74,67.94
146-29,25.2
26-156,13.59
131-104,14.56
70-24,91.54
29-127,43.34
171-127,99.35
130-3118,3.75
110-70,81
131-17,15.99
74-149,15.17
43-131,5.98
192-191,47.4
17-3117,9.17
111-69,33.39
81-103,349.88
35-24,7.9
75-41,5.76
40-165,4.43
24-88,72.68
129-29,34.42
64-139,45.67
185-142,2015.2
179-74,24.41
181-115,311.28
122-171,70.46
146-75,18.2
75-130,21.62
131-69,6.93
116-86,50.05
25-103,0.52
110-86,78.99
127-34,37.75
139-176,35.83
171-74,53.84
181-111,78.62
146-3102,9.96
163-166,1.38
68-146,34.72
43-115,6.92
114-29,54.72
16-20,103.93
35-116,1.08
125-107,23.12
176-116,120.36
66-29,60.98
145-127,15.88
156-3114,1.19
26-115,22.5
150-192,45.27
44-115,3.58
171-43,43.68
Nov-17,8.28
146-34,11.87
181-69,177.8
179-3065,3.41
68-176,98.83
75-76,25.65
142-146,233.11
191-111,20.26
24-18,334.59
145-3114,1.05
31-25,6.51
37-70,2.84
142-185,162.38
100-37,7.28
54-194,22.17
145-47,1.26
190-3117,12.77
37-60,2.89
130-66,21.55
190-131,3.71
110-3071,30.25
145-146,51.24
66-181,67.05
115-145,15.25
131-40,7.46
145-60,3.41
34-3117,1.34
37-129,5.27
85-17,725.57
Nov-24,4.81
122-107,300.09
17-20,150.91
193-24,15.41
116-177,5.58
125-24,17.57
191-127,78.85
191-20,52.3
177-41,5.01
192-136,5.29
60-185,18.01
35-100,15.14
185-37,361.44
116-64,20.39
70-142,255.01
114-3071,36.46
41-185,9.28
176-146,185.29
194-176,394.89
149-106,8.19
16-76,27.89
181-185,756.16
114-115,98.68
129-129,34.75
181-100,408.55
34-158,1.42
142-29,56.07
81-193,282.28
149-37,4.24
158-142,3.85
106-108,40.47
37-166,1.06
158-60,1.49
74-190,31.43
81-3024,209.08
179-11,9.83
193-150,49.86
75-3065,4.05
156-130,31.99
149-152,2.65
26-117,32.2
114-75,68.97
74-125,51.88
107-191,5.41
135-28,36.09
117-100,172.73
70-20,110.62
43-70,8.17
37-18,6.77
20-139,19.08
86-3117,67.1
145-26,5.67
27-88,1.28
106-81,42.78
100-152,44.79
116-110,18.55
44-107,3.87
114-11,28.51
142-88,160.37
37-115,3.52
31-16,184.4
110-26,15.29
145-74,5.51
166-129,6.43
103-114,139.4
41-110,1
106-104,15.61
41-142,10.67
158-111,0.86
129-104,6.07
18-37,8.36
177-117,17.35
25-122,0.72
127-68,102.22
136-3112,2.15
193-28,23.91
34-85,7.82
185-21,468.76
142-18,38.74
111-115,43.54
190-146,5.51
44-3117,5.64
179-17,21.2
150-31,145.61
20-11,46.74
20-34,32.43
86-88,303.58
81-85,301.16
146-68,30.86
192-176,45.4
136-181,10.39
70-176,324.11
127-41,53.39
152-3071,22.23
149-129,3.81
31-122,181.1
40-40,29.31
139-81,47.64
11-125,18.56
181-3101,1116.02
31-115,56.02
156-192,32.3
26-104,8.83
100-43,5.18
37-135,2.11
171-81,153.1
41-165,2.46
194-11,69.53
125-117,21.93
114-35,7.97
40-158,1.19
40-25,4.01
76-127,62.19
185-177,109.69
86-179,59.99
104-166,9.86
115-181,149.85
181-76,206.54
150-34,14.54
108-3118,41.25
156-29,37.35
191-28,96.24
16-116,11.45
43-165,2.38
122-75,142.3
17-88,34.95
192-156,18.26
60-103,50.23
194-64,90.46
68-166,20.94
115-110,42.92
129-171,7.28
88-21,192.97
17-3102,17.95
129-142,47.17
171-28,87.58
16-117,42.3
18-171,11.61
88-191,301.66
21-156,10.64
35-185,12.46
177-85,21.61
111-86,99.76
31-194,65.47
156-81,115.8
103-16,132.23
125-28,27.53
111-26,8.79
35-88,4.45
43-156,3.3
185-3024,788.3
29-177,15.18
185-103,164.01
156-158,42.41
194-130,42.54
28-69,68.72
81-3102,337.24
31-130,11.1
156-28,55.93
116-107,39.46
17-3081,3.64
88-163,37.07
177-3117,11.52
190-3024,6.29
131-129,23.43
41-66,10.13
150-70,71.54
85-25,14.55
21-116,14.64
127-3081,217.26
68-156,95.26
20-76,16.65
44-179,5.94
129-25,2.14
41-145,5.36
111-166,3.53
76-115,53.81
145-122,40.3
130-158,3.63
16-142,31.9
43-100,9.62
127-125,166.71
116-60,4.12
139-136,3.51
131-111,10.67
75-156,11.29
88-60,74.61
122-142,538.2
28-40,68.55
135-70,112.24
114-135,27.72
152-177,32.01
171-191,228.11
145-176,30.79
131-125,8.54
Nov-66,32.55
37-3112,1.5
176-110,80.17
66-194,27.17
37-176,9.45
190-3114,2.03
158-74,1.19
54-21,11.28
145-3117,5.03
69-122,30.55
152-86,22.22
110-193,7.93
149-85,8.83
47-181,1.19
35-11,7.03
149-3102,2.89
125-3117,45.99
69-139,2.16
18-185,18.27
75-125,9.86
127-115,688.9
111-47,1.42
88-37,74.35
110-76,29.65
136-176,13.37
40-163,0.79
75-158,2.21
111-117,24.84
26-150,15.3
171-152,123.34
145-139,18.63
31-3102,70.16
152-166,68.84
37-3071,3.79
26-20,58.92
136-75,1.55
185-129,188.34
191-16,97.37
171-3081,89.6
31-74,55.89
111-107,36.46
115-69,47.68
185-24,223.99
158-158,9.69
185-11,264.72
192-106,11.37
85-3117,491.52
35-3118,2.49
28-146,31.8
20-156,11.63
156-145,31.22
44-3114,1.02
135-16,54.35
66-17,31.58
106-3024,7.03
107-110,11.5
166-31,33.49
108-64,23.88
31-64,131.59
24-163,8.37
190-3112,6.63
103-64,63.68
192-47,0.51
24-131,9.4
193-29,23.15
66-69,37.88
149-192,2.08
54-11,11.98
88-29,396.19
142-158,45.48
194-3112,177.74
108-3117,47.33
166-127,5.43
125-177,6.01
176-149,682.59
127-3118,120.17
108-54,17.43
31-146,29.36
192-54,14.75
150-3118,41.74
20-108,19.6
104-110,14.03
111-165,3.08
108-24,27.03
135-31,52.43
117-163,7.71
111-176,86.41
26-194,39.49
31-139,21.98
107-194,10.7
131-127,15.08
81-142,171.04
28-139,15.92
107-29,18.92
28-111,8.38
103-125,44.2
166-149,6.14
76-194,53.1
152-88,54.88
129-20,13.96
193-145,11.23
Nov-75,39.63
69-115,34.08
145-130,67.09
54-150,9.69
135-25,4.43
26-125,9.04
100-117,123.57
136-29,3.2
18-47,1.4
171-76,50.65
68-75,68.45
24-158,11.2
104-116,3.29
177-181,43.4
193-129,4.15
35-131,1.22
177-69,9.64
129-3118,9.73
16-21,74.84
35-66,3.26
86-43,75.94
192-28,37.87
142-104,18.31
Nov-76,24.74
70-60,50.45
43-194,14.24
17-179,3.47
139-54,4
41-26,19.1
107-43,3.62
31-3065,24.01
127-35,64.9
146-26,8.04
20-44,22.6
81-130,151.9
44-29,5.78
88-158,61.9
70-193,108.64
158-20,2.12
171-115,95.81
142-130,64.5
81-127,192.14
107-11,9.13
27-21,1.09
110-3118,12.41
Nov-81,3.19
Nov-14,1.02
28-3102,46.96
28-3081,9.62
117-158,10.52
130-3101,20.84
70-44,26.5
60-18,112.22
171-165,71.94
136-136,27.98
74-150,46.51
16-177,6.88
103-75,49.1
117-191,61.14
130-20,13.87
193-110,11.27
166-3118,3.64
28-60,18.9
37-31,16.2
136-114,5.23
24-3112,23.88
37-88,3.04
69-88,47.39
43-130,3.94
117-152,23.99
74-191,29.59
149-76,4.32
115-185,217.68
70-21,450.45
76-111,24.94
29-24,72.08
117-115,173.79
31-129,17.5
66-171,19.16
177-88,38.7
191-26,27.57
110-66,13.24
125-43,16.1
192-34,4.08
34-18,13.41
177-149,13.21
130-81,10.13
26-107,16.65
Nov-85,87.1
181-54,203.16
193-3102,28.26
179-165,9.48
145-114,4.56
117-18,49.41
76-75,38.24
47-31,1.08
75-149,10.03
40-88,18.45
40-3065,8.27
88-179,155.75
130-142,181.35
194-76,111.51
104-179,27.38
26-116,10.19
158-122,1.44
114-108,68.16
171-171,273.9
145-125,5.29
44-135,3.22
149-110,3.77
11-117,62.91
43-185,11.17
69-29,19.55
31-165,17.72
150-88,81.22
110-192,13.69
27-103,1.65
179-29,10.67
176-35,200.32
176-166,871.28
66-3118,51.21
100-103,233.22
179-3102,33.34
31-193,28.48
150-26,31.68
37-171,6.91
16-24,62.12
100-21,149.09
142-3024,22.5
26-130,7.5
146-28,14.62
26-145,31.43
177-191,14.93
152-181,94.48
24-29,269.9
88-26,161.92
166-125,4.25
156-40,15.42
114-31,45.22
107-35,2.14
171-117,143.42
108-193,23.63
116-146,5.57
60-114,31.9
66-165,12.65
191-69,57.78
54-31,36.06
156-66,44.53
116-66,20.23
64-176,176.86
185-17,587
135-3117,16.85
142-110,42.84
171-142,293.38
44-100,5.41
20-37,20.06
194-117,68.08
139-142,50
107-3117,33.82
17-181,15.48
64-122,190.24
60-34,74.95
136-103,6.86
115-16,46.22
111-75,5
28-3071,43.29
64-3114,13.51
86-35,15.85
35-166,2.45
106-103,30.28
122-37,40.54
158-70,1.48
166-150,27.12
122-3117,103.22
108-146,21.66
176-181,2038.69
158-156,11.72
176-106,873
129-149,5.12
11-142,154.97
116-27,2.24
115-125,47.24
139-40,3.53
21-3118,7.74
29-21,30.96
130-88,23.76
64-108,76.32
64-28,163.05
85-69,314.23
122-158,13.66
136-44,2.72
108-108,115.4
176-104,440.34
103-3101,70.61
176-130,227.2
24-114,125.06
68-193,44.56
166-47,0.96
64-34,32.35
86-20,177.39
146-136,78.3
106-85,27.41
29-3065,5.81
111-179,5.31
Nov-34,28.19
44-114,1.49
44-146,2.74
54-135,12.33
24-190,46.46
158-117,1.34
86-86,899.3
146-129,30.3
108-3114,9.15
106-117,23.73
108-136,6.18
191-103,120.53
116-135,7.94
117-64,42.47
21-21,166.49
116-17,28.34
60-3024,39.15
104-60,3.56
34-37,23.55
54-117,7.8
41-81,30.33
86-177,76.9
142-122,276.59
146-177,36.24
54-145,8.68
145-3118,8.29
177-26,2.91
131-29,16.41
28-88,50.68
185-3112,482.78
179-88,18.89
176-3112,686.69
135-44,9.62
127-149,59.21
Nov-68,56.19
81-192,276.82
40-3117,33.75
21-27,1.93
21-158,1.11
166-76,9.01
191-158,31.32
24-28,235.52
107-166,1.68
17-47,3
31-190,24.49
193-35,4.3
24-60,32.49
44-60,0.66
142-106,36.02
27-100,3.51
18-181,25.11
66-27,1.2
181-127,376.68
31-166,11.81
163-152,16.34
177-3081,4.11
69-18,5.55
192-149,5
115-107,80.09
191-31,70.84
26-185,47.03
28-3065,15.64
145-3101,5.1
86-3071,203.81
185-149,242.4
116-35,2.15
107-171,5.64
44-3071,7.13
179-111,5.17
156-26,29.73
181-86,670.74
34-131,1.28
111-21,22.85
31-76,22.09
181-37,139.76
107-44,1.38
40-111,1.24
108-18,23.28
107-85,17.98
37-41,8.28
107-108,9.61
131-131,42.82
177-64,6.86
60-158,1.32
66-100,57.18
146-135,94.7
75-177,8.05
145-3065,0.81
149-69,4.11
116-117,58.95
11-179,12.68
44-3118,5.12
193-16,13.11
104-11,14.95
145-103,11.36
150-107,20.17
176-127,627.01
142-135,46.56
194-110,56.73
125-64,51.01
66-70,39.32
17-3112,16.04
177-122,17.54
34-25,2.67
29-76,25.79
104-41,18.41
64-100,83.68
177-179,18.81
75-37,5.89
88-100,959.66
100-64,113.37
185-108,205.39
117-3102,38.68
31-135,22.58
192-18,13.06
131-64,23.63
85-117,333.29
69-3114,6.99
88-152,258.88
41-149,2.33
194-21,160.75
193-171,18.52
156-111,10.07
41-139,3.96
68-69,62.9
130-18,10.84
24-106,58.06
31-17,199.37
41-127,3.7
100-158,2.87
28-165,14.65
21-34,14.68
68-3117,16.55
130-117,9.92
43-192,3.11
129-69,30.04
64-135,35.7
35-106,4.8
31-3081,6.39
166-185,12.59
68-190,47.22
21-181,9.62
106-35,1.44
100-76,101.53
28-176,77.18
166-108,4.26
41-114,11.58
127-131,41.76
28-25,10.47
86-192,91.4
100-177,3.97
85-54,96.82
69-69,119.12
107-16,9.1
185-29,681.96
146-3081,7.22
85-146,82.5
24-171,31.73
156-3024,7.61
35-64,2.84
41-24,22.15
158-16,4.34
135-103,71.94
179-25,0.67
20-129,5.81
69-60,4.46
107-31,8.03
115-74,35.99
106-66,10.98
100-192,24.92
35-69,3.61
110-103,39.67
40-35,28.23
146-110,14.59
Nov-74,51.18
177-3071,6.44
41-76,4.82
139-31,9.73
131-177,18.17
86-41,37.61
108-37,5.07
135-41,5.99
28-3101,23.8
116-181,25.94
85-115,409.9
81-177,123.65
100-35,3.96
152-171,34.2
165-156,24.88
117-3112,61.04
131-166,13.6
139-146,8.05
28-185,44.21
191-3118,17.11
108-86,148.53
145-20,11
156-136,11.55
150-18,37.05
31-192,31.38
179-20,16.52
43-24,12.09
145-185,50.89
130-21,6.64
193-192,32.03
40-17,56.98
142-127,35.92
139-100,22.82
37-76,5.73
43-69,5.12
191-152,62.66
125-41,18.86
40-3081,10.1
139-104,2.6
103-44,10.15
152-149,20.34
44-131,1.67
29-54,22.72
190-85,15.71
190-156,11.25
44-163,0.8
31-114,46.51
108-70,125.96
60-64,504.31
139-149,20.19
111-35,2.72
115-70,136.77
135-86,36.66
116-69,12.94
17-116,6.15
54-25,2.23
115-104,47.37
177-60,1.83
66-111,6.67
114-26,11.69
181-47,61.41
64-127,65.56
129-27,2.82
31-176,72.93
27-Nov,1.02
190-171,18.18
66-68,96.92
179-60,3.16
20-3112,8.73
127-171,79.27
116-166,5.38
21-69,6.99
60-3101,2.35
177-190,19.57
26-3024,45.54
17-108,8.14
28-145,61.33
76-29,31.07
54-35,24.15
146-60,7.03
60-3117,5.02
194-3024,65.87
100-25,5.66
171-60,48.43
81-76,258.09
115-156,47.34
37-47,2.52
111-104,12.37
181-122,1030.32
85-76,392.24
194-177,133.17
192-131,14.06
100-194,82.9
156-179,42.47
16-43,46.85
35-43,11.93
81-27,14.88
43-181,6.92
54-3112,5.28
85-3071,209.94
136-3117,1.97
111-25,6.63
Nov-44,24.77
74-146,35.25
193-146,8.13
165-150,43.47
60-129,12.49
68-66,53.66
135-166,5.66
43-125,4.75
106-3102,18.2
29-60,24.89
20-165,8.32
139-129,3.61
69-135,5.52
88-25,38.23
135-135,38.2
18-26,38.09
86-104,104.04
35-156,5.58
127-24,75.68
114-85,67.08
114-44,10.25
43-177,0.74
85-181,781.18
122-149,247.37
145-34,2.23
115-3024,16.87
139-150,31.54
110-37,4.03
115-75,54.85
60-135,8.07
17-136,1.47
130-43,5.07
85-192,239.86
34-185,12.22
125-181,46.46
106-54,7.58
54-114,13.13
194-107,117.15
149-3118,2.08
191-24,47.25
28-103,41.85
31-107,25.55
64-47,2.62
37-104,2.46
69-129,4.31
81-135,65.79
104-29,42.39
21-104,18.66
68-26,64.26
26-47,0.82
129-181,36.38
74-37,20.94
40-171,10.38
142-3071,48.79
122-110,152.03
130-54,28.05
181-125,175.07
150-41,17.73
47-194,1.89
115-116,65.19
117-145,15.98
193-88,45.31
31-191,19.84
54-149,3.54
114-177,7.3
139-115,7.68
177-3101,2.72
11-106,17.66
166-66,6.12
131-3118,20.74
194-74,93.73
139-156,15.28
21-110,2.27
125-111,11.31
66-85,56.77
181-107,366.39
129-88,36.44
26-69,22.24
192-40,7.32
24-85,143.23
177-31,11.58
66-3117,30.25
43-150,5.71
107-139,5.35
16-129,41.36
86-37,27.18
20-179,6.74
20-131,4.56
69-16,28.7
37-146,4.12
64-66,187.03
179-27,2.39
135-85,39.32
150-76,27.77
21-Nov,40.71
16-158,10.36
76-193,22.32
111-20,8.69
29-31,65.93
21-108,14
116-3102,40.62
127-114,164.93
24-194,53.12
68-11,76.85
176-68,970.46
136-76,5.84
110-130,8.51
69-3071,16.14
194-135,20.73
81-152,157.58
136-64,7.41
116-3081,16.75
70-69,286.75
181-3112,606.37
111-106,28.49
18-27,2.59
117-142,118.49
86-47,8.93
24-3065,18.65
142-129,25.38
69-176,59.5
35-139,1.71
60-110,24.71
190-106,17.43
108-81,82.17
110-116,7
136-34,1.01
150-117,34.87
149-3071,0.87
103-3071,56.07
17-163,0.6
135-26,14.82
76-25,2.02
75-185,37.69
16-163,6.67
25-88,1.09
135-60,12.35
88-116,152.58
75-129,1.68
130-3102,11.52
106-114,23.51
27-64,1.17
176-152,813.02
194-35,16.36
28-136,19.67
81-107,344.22
194-60,38.4
103-104,55.02
146-43,10.6
106-75,13.03
66-44,15.87
185-20,516.6
70-117,221.61
104-16,60.09
31-37,93.23
21-136,5.68
129-114,54.7
47-44,1.75
117-185,347.61
64-145,24.92
26-176,48.13
135-3065,11.58
35-20,7.57
190-139,5.8
127-136,15.8
106-115,30.41
125-139,12.42
125-106,45.1
44-108,3.36
135-145,33.67
115-176,124.76
145-149,29.67
171-37,20.42
34-69,6.92
179-35,3.9
145-43,5.29
75-146,19.23
106-20,9.6
110-28,18.26
146-185,72.29
16-135,8.95
176-27,13.69
117-110,65.75
110-88,63.04
110-27,0.79
107-181,10.21
100-18,44.05
152-139,17.34
130-26,3.68
104-192,6.53
31-66,74.42
166-139,8.2
70-85,433.67
85-135,186.96
131-81,36.35
117-116,27.74
64-3118,61.98
81-75,221.13
35-177,2.09
100-74,32.63
104-3065,10.39
106-26,9.93
Nov-41,23.65
34-75,4.8
35-181,9.55
31-60,19.32
129-116,3.24
64-185,102.1
156-3118,6.55
37-74,1.31
21-149,6.71
16-35,17.3
191-43,63.74
107-3024,4.29
69-70,35.92
47-64,1.45
103-115,93.01
28-3024,60.01
129-179,6.68
26-24,67.11
20-185,36.58
131-116,6.96
156-110,21.07
86-11,121.44
11-103,26.71
117-193,35.77
11-190,17.92
66-179,17.89
88-176,598.93
69-3112,15.01
54-3081,2.63
100-31,59.13
70-116,60.93
86-117,234.37
190-3118,11.91
156-104,13.87
127-3024,33.11
117-130,21.29
139-166,3.95
64-194,99.72
193-181,64.61
100-165,4.74
76-146,13.68
176-18,322.62
117-156,19.09
104-190,22.41
37-64,18.17
125-191,26.84
64-35,23.13
24-104,68.7
76-3114,8.21
35-149,2.38
103-194,33.26
103-192,13.62
192-81,64.88
74-20,15.76
86-3114,12.84
64-192,89.03
28-26,75.08
31-11,54.89
111-145,5.36
106-177,5.66
103-29,60.46
193-163,4.36
171-145,91.78
26-68,74.33
81-44,118.22
190-3065,4.3
131-26,14.67
185-100,86.1
129-18,15.21
74-103,123.03
136-158,10.19
86-114,208.98
136-111,1.95
24-111,38.36
142-176,160.97
114-176,113.55
194-116,54.52
17-Nov,80.84
54-152,4.49
131-114,21.9
86-3081,85.75
76-176,63.92
21-40,14.07
75-27,1.24
20-86,29.75
41-64,9.55
176-3114,185.5
156-194,82.86
130-40,2.98
29-104,4.72
190-145,5.09
34-115,17.57
131-16,33.14
66-104,21.9
35-75,3.7
149-191,8.73
76-122,39.58
179-179,18.62
194-125,81.75
54-171,6.08
69-116,4.71
131-68,24.44
190-185,86.29
190-47,0.67
116-31,22.68
25-17,0.78
104-21,31.07
74-179,13.37
21-86,26.43
129-70,53.68
191-29,72.33
69-100,58.92
193-165,4.73
194-26,88.42
194-171,102.61
88-129,81.95
130-74,16.31
129-146,11.73
117-139,28.45
110-191,38.99
43-3071,2.3
149-177,2.27
176-88,448.75
31-24,55.56
76-35,6.8
177-166,18.56
18-44,7.46
135-20,26.49
176-136,62.66
68-3071,12.3
142-171,44.7
41-35,12.37
193-34,11.51
20-47,7.16
76-192,18.65
11-177,29.32
88-16,475.97
18-3114,1.46
194-3102,145.18
135-75,21.78
108-3065,5.35
116-74,27.65
Nov-31,178.9
125-135,13.2
185-110,62.79
179-44,3.93
191-165,33.3
28-81,57.45
149-190,5.71
149-114,7.76
116-190,53.27
74-35,10.63
185-44,311.01
127-17,79.63
149-150,6.83
136-166,1.41
85-149,93.41
17-29,78.91
166-171,32.01
41-3024,7.99
139-179,2.78
20-3065,1.93
108-3024,11.95
70-139,102.15
166-69,9.17
74-100,213.31
117-29,69.63
75-11,17.71
129-64,19.64
28-3112,44.59
136-177,2.31
81-171,126.62
127-85,486.2
64-146,40.82
127-111,143.38
110-60,2.65
60-136,11.42
129-3114,1.11
130-76,12.2
150-3102,22.94
37-122,18.61
29-136,18.44
103-3081,19.72
35-3117,3.2
194-70,202.38
193-104,8.29
166-41,3.22
107-125,7.78
130-3114,1.01
190-76,17
142-116,33.47
60-24,128.78
20-20,146.85
156-149,11.37
130-139,97.34
103-88,137.48
41-131,2.27
107-177,1.21
21-3117,7.23
34-17,15.68
166-114,5.63
17-149,5.02
125-17,36.53
26-3101,9.78
111-193,6.97
191-3114,5.72
135-43,17.88
86-28,241.17
76-31,79.52
66-127,35.09
16-145,18.63
29-185,61.56
43-20,8.22
131-18,13.52
69-54,9.04
68-107,36.45
110-3112,38.39
110-3117,41.57
139-88,39.32
41-106,4.14
125-35,11.33
130-75,7.64
166-163,7.66
69-3024,14.23
76-100,204.48
66-108,20.59
88-86,1040.38
68-165,38.9
192-171,23.86
125-68,39.52
25-Nov,4.16
34-11,8.49
191-86,272.67
76-74,71.69
193-156,29.6
108-171,9.75
149-135,21
24-156,56.69
116-3101,70.77
176-70,1062.14
129-103,33.08
103-86,126.67
190-17,10.13
11-193,36.45
166-20,10.76
34-44,6.93
106-74,11.15
37-24,11.07
60-149,18.25
176-194,1573.51
142-34,16.33
81-166,206.34
145-107,6.17
177-114,21.7
20-3024,12.95
166-3112,5.76
166-3065,0.53
64-166,23.33
114-190,86.74
85-111,105.97
191-107,55.57
75-191,27.55
185-3117,570.28
69-145,8.38
171-31,140.65
171-139,105.31
171-156,195.49
21-192,8.24
181-129,102.68
130-176,24.06
103-74,26.2
34-163,1.15
192-185,42.41
191-75,59.79
136-129,4.33
177-3102,1.64
44-117,2.18
35-114,5.41
41-179,2.12
104-191,26.1
25-3102,0.86
26-44,10.08
194-3118,157.71
21-129,3.86
11-165,15.45
135-3118,27.26
122-29,122.08
76-37,16.34
117-150,47.37
193-179,28.7
108-103,90.34
150-16,54.81
190-81,66.84
142-85,64.19
135-66,19.43
117-166,13.77
191-60,20.91
24-3114,4.08
194-150,114.64
127-108,155.13
86-17,168.96
74-25,2.09
171-125,132.42
122-108,97.14
74-181,95.1
191-136,31.19
122-41,143.33
156-74,50.88
20-88,109.78
69-66,25.26
85-116,48.36
111-114,67.97
115-29,71.02
44-110,1.24
68-29,98.69
194-3101,84.82
139-192,2.74
60-68,216.14
60-3071,5
190-20,9.87
179-3114,3.31
166-44,9.81
24-43,139.48
194-34,25.37
16-176,54.01
156-116,15.3
103-107,60.43
117-181,112.31
131-34,5.88
26-86,97.22
21-66,10.51
158-100,1.13
88-3118,542.08
176-139,456.24
27-68,0.88
17-11,291.86
104-100,8.76
24-69,52.49
127-69,136.3
142-149,68.9
26-166,8.72
34-21,10.58
129-85,53.66
29-18,43.36
18-146,27.94
191-68,34.17
110-11,8.61
88-192,289.18
16-54,27.44
115-194,89.23
29-3118,28.74
127-74,255.37
185-69,233.62
74-3071,45.57
70-100,1173.27
44-31,10.7
104-115,9.5
111-43,7.37
81-108,285.21
18-114,15.02
88-136,58.98
117-40,12.79
190-24,6.32
135-181,29.51
130-127,23.79
34-3065,1.46
181-181,911.18
74-60,8.92
18-31,99.06
150-3065,13.84
115-190,67.84
18-117,17.11
54-43,13.68
193-191,45.91
190-125,14.56
191-37,15.82
125-136,8.55
139-130,25.57
127-139,93.86
146-165,37.6
179-68,14.51
117-176,61.44
86-76,167.49
185-135,402.6
76-179,16.03
190-29,15.83
86-66,124.54
16-130,18.43
Nov-35,32.46
125-86,31.15
176-60,139.33
76-152,16.79
192-139,6.59
149-111,1.16
117-69,72.31
194-185,274.1
110-47,1.33
17-127,10.29
142-117,97.45
74-114,94.11
66-81,70.06
114-70,237.13
64-116,43.91
177-68,10.15
142-131,59.85
156-127,46.51
156-3065,4.44
44-18,7.13
88-17,408.03
40-108,8.81
68-3101,36.64
107-165,2.95
28-20,87.5
145-18,5.17
194-146,61.01
26-129,4.91
192-129,3.34
185-35,342.75
24-3118,19.71
108-47,2.69
110-54,5.97
145-177,5.25
136-66,31.12
145-54,3.3
81-110,63.41
31-35,92.44
75-25,0.81
166-103,17.55
146-181,68.7
74-74,156.7
54-3114,1.47
16-156,24.26
185-104,196.78
117-114,220.65
185-127,367.94
191-3081,57.32
100-142,115.27
145-37,5.8
142-37,12.91
107-54,5.26
104-69,8.25
185-131,387.37
111-37,4.31
110-107,32.43
131-43,9.54
74-106,31.06
185-136,261.12
156-86,97.14
131-108,16.11
74-127,64.04
127-37,18.08
193-135,3.8
74-104,33.76
115-142,47.81
146-40,5.55
68-136,16.64
158-191,1.06
16-3118,21.73
43-106,3.78
31-41,93.94
190-18,8.64
35-136,2.05
75-3117,14.84
64-3081,46.04
75-74,38.01
27-24,0.76
35-192,0.67
149-68,6.31
177-34,2.81
130-100,18.36
142-25,2.6
70-11,124.56
149-20,3.16
64-131,34.28
81-66,275.99
142-76,57.12
88-41,58.9
24-129,10.69
115-103,121.02
179-86,46.08
68-127,35.25
21-185,37.69
176-21,640.36
64-11,107.6
129-3101,5.61
100-166,12.5
76-40,5.87
136-125,3.28
88-3112,536.71
40-20,30.7
103-18,44.86
108-3071,34.07
74-66,16.95
26-106,19.77
103-177,11.25
125-26,10.86
68-3102,29.69
64-25,6.86
122-176,112.89
122-3071,104.32
115-21,27.63
110-158,5.25
194-152,173.88
100-145,62.17
111-130,9.61
111-88,51.63
16-107,27.15
43-3102,2.56
145-86,10.96
125-146,9.89
54-131,2.34
86-21,235.81
37-17,6.7
156-3071,29.34
177-70,28.6
21-115,7.67
181-68,444.45
135-81,45.7
54-163,1.04
193-66,11.53
130-135,65.27
35-179,4.21
111-3114,4.4
66-193,16.17
145-28,11.29
103-68,26.49
28-70,67.38
122-156,64.97
166-29,10.42
41-146,5.48
31-34,93.76
122-3112,281.08
104-27,1.26
142-81,75.44
17-74,8.43
136-3071,2.53
18-103,22.94
146-130,186.53
146-104,20.42
86-131,48.67
106-3117,23.93
181-31,602.81
103-156,16.04
60-122,74.68
176-129,139.53
191-117,133.28
176-3024,556.55
185-194,190.46
135-21,17.13
107-149,5.91
179-181,42.41
75-40,6.47
190-150,33.15
31-86,60.63
29-3117,22.17
64-27,1.57
166-100,11.83
193-18,10.12
139-16,9.55
192-3071,13.07
185-3114,88.92
136-115,5.24
86-25,9.57
74-31,57.61
74-145,22.35
135-146,43.92
41-116,1.09
130-17,8.95
192-20,20.54
110-16,30.77
146-100,27.37
106-16,12.45
68-28,69.97
149-66,2.02
177-3024,2.04
135-110,15.18
100-29,68.53
66-86,89.16
176-41,168.3
185-152,328.07
44-130,2.01
85-114,551.04
54-18,21.09
54-176,29.22
18-104,5.37
106-179,5.98
17-110,6.21
68-68,191.2
136-24,7.03
115-171,34.55
106-34,1.68
106-171,10.2
136-135,6.14
177-135,5.57
81-3117,524.32
31-163,2.92
130-136,49.51
158-11,1.9
86-136,19.69
47-86,1.57
31-136,8.31
35-74,2.51
64-18,104.8
64-115,54.55
17-130,6.09
135-11,21.91
64-117,127.95
166-194,17.69
114-3112,87.56
66-43,9.69
88-103,994.36
29-3081,10
194-75,108.03
117-104,107.58
86-185,155.24
139-64,23.05
29-74,15.28
29-64,95.57
35-108,3.1
166-11,11.49
194-17,121.1
194-27,9.41
64-103,159.01
26-136,6
24-3024,325.24
21-111,3.53
18-106,16.86
115-146,19.53
Nov-86,61.49
88-127,411.23
108-117,74.7
35-3101,1.27
74-27,2.17
85-75,250.47
27-69,2.9
108-3101,61.06
131-100,28.95
193-54,3.2
20-176,62.34
11-104,11.33
191-44,41.55
35-35,18.81
116-171,18.29
106-60,3.4
85-18,468.48
35-3081,1.31
129-81,46.04
145-116,5.51
176-37,190.46
28-171,16.48
28-Nov,169.4
41-125,7.62
40-3114,3.9
88-66,455.16
142-27,1.81
81-81,571.11
117-21,48.18
179-117,16.2
66-150,48
122-177,81.97
104-171,19.79
21-176,39.58
40-103,36.88
191-74,53.48
171-3102,55.06
28-29,107.72
85-107,352.65
21-194,14.53
64-85,218.24
192-74,30.55
129-68,16.32
41-177,1.66
145-135,22.69
44-139,2.98
107-26,3.98
28-115,65.37
44-3101,5.26
117-165,22.19
158-28,1.48
179-190,29.87
125-193,10.38
158-146,2.4
166-135,4.58
100-40,8.76
60-100,93.33
107-88,15.83
130-115,15.69
35-76,1.98
40-31,58.63
129-145,13.81
60-115,32.15
31-3071,49.22
114-191,33.05
20-64,82.96
17-114,19.11
44-3065,1.45
192-111,16.32
43-142,4.94
176-117,439.3
194-106,187.92
68-111,16.19
43-68,8.46
179-146,8.71
166-106,8.15
181-3102,797.41
43-146,1.47
31-142,91.69
24-25,11.16
108-145,29.98
81-146,172.24
88-185,654.4
177-44,3.98
116-163,4.15
179-150,33.62
115-106,68.95
74-3101,15.94
135-88,44.42
17-145,9.49
31-3117,86.48
85-3081,382.69
85-122,627.06
20-146,23.23
60-194,19.36
129-185,30.39
165-163,14.04
116-104,21.82
181-145,137.11
26-191,23.88
125-66,18.06
29-37,21.31
177-136,6.76
43-3024,1.63
193-177,12.42
116-131,3.27
106-27,0.94
76-142,42.15
181-3118,529.25
179-41,5.53
20-192,7.39
108-29,20.83
76-108,40.89
24-103,76.51
69-185,37.19
129-16,19.08
47-41,1.26
68-181,61.79
86-176,181.54
28-100,120.11
107-192,2.91
181-110,80.38
115-76,35.07
166-68,9.63
107-116,5.23
193-190,96.41
74-75,75.83
111-70,61.92
142-3101,41.95
11-158,7.43
104-26,17.17
122-54,208.46
54-47,1.03
149-28,8.95
24-24,287.51
40-11,12.47
21-107,20.35
106-64,16.31
114-106,84.61
108-185,158.27
47-185,1.2
191-149,47.76
18-69,38.51
68-31,99.75
34-139,8.59
85-3101,482.3
194-111,49.82
152-176,171.67
20-103,44.4
24-41,104.64
171-35,12.77
166-28,13.01
145-3112,4.87
117-24,44.42
103-139,18.28
40-3024,36.69
185-107,192.4
104-20,34.55
81-3112,605.37
100-116,22.59
37-44,3.74
166-192,10.89
70-31,299.38
68-135,29.52
18-122,64.93
66-3112,60.84
165-176,56.23
149-35,0.77
192-117,48.69
114-3102,150.48
26-149,9.88
86-116,49.34
81-129,37.53
31-131,22.58
17-70,50.84
18-25,9.67
20-3071,3.66
21-81,30.66
117-16,43.59
136-145,5.6
35-26,2.76
107-41,5.4
44-185,4.53
193-31,12.19
177-158,7.08
114-104,70.6
146-20,18.46
37-3117,2.07
70-3117,185.18
106-176,19.27
111-40,8.24
125-34,6.83
125-185,89.27
66-190,33.87
37-114,5.83
40-26,24.89
194-127,122.8
166-40,2.58
31-150,31.5
37-131,1.18
34-149,2.81
127-176,129.04
20-125,9.86
176-185,1969.96
60-16,198.82
34-192,4.32
176-3101,794.8
17-100,27.23
111-64,23.21
108-74,22.35
20-181,45.21
127-192,39.25
177-103,28.88
129-166,4.11
60-181,17.89
86-74,82.64
194-131,44.03
185-43,365.68
35-194,4.31
111-185,125.18
116-28,25.94
191-41,55.2
136-28,4.5
43-66,11.91
20-75,14.06
75-115,42.01
122-125,232.01
35-86,6.9
34-40,8.61
70-70,1190.81
116-106,48.82
150-68,52.46
35-34,4.93
16-111,6.17
190-165,10.98
146-74,17.97
117-68,128.67
158-193,1.39
152-190,102.52
20-122,108.61
176-135,140.93
146-54,18.93
21-122,40.18
166-190,16.23
122-26,156.97
191-106,55.85
29-88,111.78
34-129,3.75
35-145,2.26
69-31,31.94
115-17,35.75
17-3114,2.12
130-149,45.11
43-127,5.67
68-177,21.73
146-139,100.37
18-177,4.7
115-3112,51.11
69-3117,30.5
24-26,226.61
86-106,89.65
150-139,33.9
29-116,7.43
191-85,193.58
11-194,66.09
127-64,74.3
74-193,14.16
85-26,215.11
131-135,58.63
66-185,42.54
179-185,43.32
16-104,13.19
103-152,17.01
86-108,170.22
171-179,47.97
117-75,82.58
158-166,5.74
74-107,52.24
64-104,46.51
64-75,68.63
145-85,6.7
185-190,92.59
136-185,12.62
60-108,33.33
181-150,702.6
43-135,2.39
74-11,40.83
104-163,4.57
40-145,5.2
135-3112,98.36
146-122,124.48
29-Nov,50.15
18-16,108.39
177-17,10.71
17-3101,10.29
26-158,1.83
41-3065,3.31
135-40,8.81
110-106,15.9
88-108,257.84
171-192,90.05
34-110,2.94
179-85,14.92
135-106,32.73
37-130,1.58
24-100,220.61
40-117,6.06
179-103,20.72
34-142,15.26
114-146,22.47
86-145,78.24
74-135,17.97
114-41,14.22
70-25,19.75
110-117,19.09
74-131,11.43
18-3081,5.31
152-75,26.24
146-127,21.62
139-3112,1.12
114-43,18.5
69-150,6.55
192-76,17.09
20-116,14.38
69-75,17.15
193-64,15.11
185-3081,57.34
110-110,111.42
114-25,2.29
37-149,1.21
107-176,36.35
150-20,40.51
146-3024,8.47
43-86,17.72
37-20,9.82
150-158,59.57
29-111,6.69
156-34,7.73
66-139,29.52
177-40,5.12
110-21,14.24
74-111,55.66
190-111,2.15
104-31,30.81
122-3024,63.29
34-35,10.48
37-111,0.88
192-145,17.33
107-3101,20.76
28-31,222.8
190-142,28.89
171-25,3.68
149-117,3.61
28-66,96.22
149-86,5.92
131-28,20.32
190-88,52.34
26-192,10.37
54-107,5.5
107-142,11.48
108-107,81.61
60-41,188.2
156-54,11.78
44-122,24.18
24-115,183.73
166-176,28.7
176-142,735.62
70-41,66.97
44-171,12.41
131-3024,6.36
127-3101,164.58
145-165,15.54
115-31,46.72
108-191,37.4
21-166,6.02
29-131,12.87
176-86,1632.71
41-104,4.68
40-60,4.35
130-129,43.36
26-25,6.04
163-158,4.78
117-129,8.53
70-75,318.46
181-41,123.83
110-34,3.92
111-3101,15.79
70-3118,227.68
106-76,17.83
37-3101,6.39
149-70,9.4
114-21,105.33
54-136,5.02
177-171,20.96
146-3071,7.81
127-104,592.89
135-129,52.05
60-156,4.66
190-176,84.88
127-194,76.7
122-139,259.54
104-152,13.05
117-190,86.71
191-3101,38.91
60-104,111.06
193-3117,14.75
135-122,70.31
177-18,4.44
44-70,6.39
54-127,14.21
76-3024,23.62
104-35,6.59
18-176,29.72
41-158,1.86
115-66,69.44
176-40,157.91
156-75,20.06
106-3065,4.72
60-106,96.28
18-3112,7.7
193-86,60.16
190-158,4.87
107-3112,25.78
103-181,52.68
54-177,4.42
142-142,653.21
16-88,92.23
66-75,16.36
24-177,21.74
20-74,18.21
194-104,97.37
81-139,224.76
176-114,312.71
171-116,37.78
190-34,5.23
24-127,31.35
131-110,10.99
16-3117,20.79
47-43,3.11
85-27,19.89
191-192,127
86-115,79.94
145-66,6.03
66-142,35.69
54-129,19.17
149-136,5.86
190-3081,25.11
40-34,21.25
88-3081,494.59
171-150,116.19
43-44,18
131-146,49.32
29-135,28.3
43-40,4.35
24-3081,16.5
44-116,0.96
171-29,145
40-27,4.02
163-171,4.44
43-31,20.02
88-171,264.27
181-149,226.86
54-75,7.32
166-81,22.29
103-60,10.99
146-149,105.42
28-35,71.17
181-3081,399.82
135-116,10.12
85-3065,130.81
37-145,4.73
177-192,7.5
108-16,47.93
43-41,21.93
122-3101,227.87
37-117,3.48
104-117,12.3
177-16,17.47
66-37,14.27
127-21,51.2
181-70,447.38
76-3118,28.23
11-107,10.31
81-3071,285.18
28-158,4.12
130-131,48.08
18-163,1.41
35-37,5.13
41-43,80.06
194-145,46.09
145-166,6.59
88-194,499.96
66-176,45.14
31-106,56.86
192-11,27.97
106-185,59.44
190-110,7.58
37-194,8.87
103-66,21.88
74-171,23.3
88-47,13.63
31-28,134.87
104-193,9.52
64-190,83.36
18-125,8.99
103-25,1.56
75-35,4.84
104-107,34.61
68-88,60.62
44-35,7.31
29-85,68.61
193-185,37.6
81-179,250.12
115-115,124.41
125-192,11.09
29-3102,11.06
75-85,33.32
21-17,140.8
100-3081,31.43
29-86,46.01
193-3101,40.53
127-103,305.42
146-3117,14.29
179-163,4.71
122-136,186.88
106-3112,12.03
76-3112,21.27
108-69,24.74
193-122,21.47
142-54,38.48
103-26,17.18
194-100,197.75
43-122,16.76
68-114,60.84
44-103,5.39
181-146,170.58
136-86,13.11
11-122,112.62
Nov-12,9.13
24-54,148.82
76-103,186.27
103-158,2.21
193-3081,22.11
75-194,47.57
104-156,22.71
191-190,222.27
142-115,57.8
40-122,42.15
150-81,84.63
190-69,5.12
158-150,4.67
81-158,137.38
100-60,10.22
149-11,3.78
40-68,24.99
110-74,28.4
130-68,11.51
54-116,2.7
100-135,17.1
191-3071,34.79
171-193,120.31
64-43,61.37
135-107,39.14
28-74,30.92
179-34,4.65
108-3081,21.92
54-130,15.3
150-177,102.59
156-17,45.27
41-176,12.65
122-152,60.72
191-3024,23.59
70-68,133.33
117-11,21.09
193-85,20.99
24-150,167.26
20-149,6.16
181-166,351.21
66-74,13.95
85-24,217.75
177-11,5.21
146-37,7.16
11-139,28.65
20-114,27.52
28-43,36.08
150-44,9.05
76-107,38.18
176-75,1223.26
110-145,8.62
136-85,11.47
152-163,78.73
29-3024,39.75
54-111,10.91
103-131,6.03
17-26,47.88
31-185,108.11
117-74,53.77
191-3117,30.49
146-125,26.76
34-106,6.84
29-66,78.02
17-194,35.67
104-70,60.22
75-100,85.98
117-3118,126.48
156-117,25.89
117-127,75.32
125-25,1.32
194-3065,58.99
69-68,61.59
185-114,138.87
108-17,42.69
20-26,51.62
74-3118,15.01
129-3117,7.11
125-103,66.34
194-103,223.29
76-114,90.67
Nov-54,28.56
192-60,3.96
110-3114,3.98
156-163,33.29
21-117,12.49
28-110,17.82
20-3102,15.88
117-86,116.98
156-3102,6.79
130-37,3.26
37-3102,7.45
66-106,33
193-152,28.79
142-64,69.97
16-34,24.1
70-3065,84.44
41-156,4.9
190-3102,15.23
64-3024,59.06
103-111,29.46
18-3102,6.87
60-47,3.31
26-177,5.22
146-24,15.16
68-60,48.91
60-11,176.38
194-142,142.18
34-64,8.89
108-131,11.24
150-35,22.45
145-88,18.6
177-146,4.91
18-166,4.97
28-106,53.62
18-76,19.26
114-86,113.37
28-127,63.55
176-163,134.6
127-3117,202.09
177-21,5.87
21-43,9.73
122-145,154.75
142-75,64.73
Nov-64,131.29
129-47,0.89
41-86,12.56
150-111,14.48
43-3117,1.62
68-27,2.68
111-3024,5.36
37-108,4.12
122-81,103.23
29-68,55.6
20-150,45.89
150-3071,22.6
136-68,4.05
139-41,2.3
146-3112,8.8
74-108,88.52
191-181,161.37
40-86,37.96
122-3081,99.01
131-74,23.75
131-3117,11.45
43-18,4.37
41-88,14.37
18-127,7.8
149-194,8.85
158-64,1.26
106-163,2.04
44-20,7.19
111-3118,15.1
18-165,4.88
100-171,17.04
122-25,15.82
18-34,17.74
179-106,22.17
76-181,69.11
104-125,34.66
191-88,204.83
171-3065,13.91
127-44,65.32
26-122,39.51
68-158,38.59
106-3118,19.52
115-192,42.98
116-125,17.08
85-3114,125.95
43-26,8.29
110-152,17.69
177-28,15.41
35-104,0.88
115-3071,50.11
131-70,30.96
86-171,56.59
166-152,19.51
35-60,1.25
41-166,2.84
142-181,119.9
129-136,7.75
74-194,59.89
37-116,1.18
156-165,55.41
20-171,10.62
86-3102,76.27
158-31,7.2
40-3101,26.15
125-114,35.62
149-3101,1.01
20-3117,12.91
104-3101,34.41
106-25,0.7
100-150,60.21
104-75,27.51
117-47,1.57
190-130,11.92
81-24,160.6
117-54,22.65
75-3101,12.74
35-115,7.19
142-3102,23.83
190-3071,23.37
125-3102,70.62
185-34,457.49
74-136,16.78
76-24,46.93
191-150,88.81
177-47,0.5
85-185,564.04
114-40,13.63
17-31,133.4
142-139,81.44
103-191,18.8
111-3065,4.01
76-145,13.27
54-106,13.97
26-40,19.8
24-145,54.43
76-85,61.36
103-31,43.77
179-152,20.91
129-3081,7.8
122-3102,349.04
193-107,9.09
171-3071,101.46
136-104,1.15
76-3065,5.02
21-3112,9.41
139-110,5.59
76-43,8.75
43-3101,2.05
37-3065,0.83
166-60,2.52
54-76,15.72
130-64,21.07
115-163,4.28
70-130,105.48
20-Nov,69.21
190-25,1.24
191-135,55.55
100-86,157.65
88-149,86.17
68-44,39.66
20-104,9.14
31-179,17.64
70-86,1025.2
171-24,110.59
179-76,16.98
44-25,1.39
16-3065,7.08
21-3065,5.91
194-88,143.4
16-3101,9.94
190-107,6.64
139-135,20.98
44-75,3.38
129-44,10.25
127-106,213.09
158-135,0.71
69-3065,9.51
100-3114,30.79
145-11,4.89
106-156,14.2
150-106,22.39
103-171,18.6
100-54,26.8
171-146,99.52
136-171,6.85
35-16,8.8
181-74,265.02
185-111,25.56
44-127,6.18
88-40,139.87
135-3102,20.53
74-34,14.09
139-28,11.61
70-185,298.13
66-158,8.94
74-43,12.18
60-127,33.19
40-64,16.32
26-74,28.23
156-171,44.92
17-107,9.24
35-29,4.92
29-125,16.37
100-17,99.83
129-125,7
85-21,479.89
28-16,130.37
190-181,33.59
166-177,23.76
103-3114,12.49
185-31,647.85
70-88,809.38
75-103,29.97
68-20,41.38
100-108,41.7
88-104,277.85
130-24,13.26
16-75,55.45
146-142,400.83
110-25,1.11
177-108,5.1
86-130,117.97
111-150,19.04
24-142,57
74-28,66.65
88-156,176.6
158-3081,0.86
149-31,8.46
35-68,4.81
127-191,90.57
116-193,7.77
194-192,345.16
194-20,140.21
139-117,18.47
177-100,30.73
64-16,226.17
86-181,119.67
85-158,42.76
139-103,4.68
130-3024,6.23
110-43,5.23
194-166,90.22
17-158,0.7
150-125,34.21
69-192,5.72
21-25,1.47
85-3112,496.36
85-20,225.62
100-114,322.03
81-16,367.58
29-34,19.31
142-107,52.8
179-100,21.33
136-146,6.43
125-75,12.2
131-145,47.92
28-17,281.24
16-17,45.66
122-179,48.46
115-3101,120.05
54-3118,11.94
75-193,7.58
194-114,220.38
75-171,41.74
190-194,98.56
117-43,22.37
171-106,78
66-18,56.08
106-139,4.16
145-64,12.02
16-165,11.4
192-26,19.01
103-116,12.12
106-3071,26.14
88-117,321.68
111-60,1.33
193-139,5.11
116-29,15.96
156-152,63.15
129-193,16.14
130-47,2.89
116-3117,73.08
136-54,4.42
44-41,9
40-37,14.47
149-107,2.59
21-150,32.11
81-3114,76.29
21-54,16.16
54-165,7.45
18-108,22.31
16-150,47
185-16,475.85
116-70,45.09
110-185,348.99
166-24,14.81
26-163,4.22
31-149,11.28
21-44,7.47
190-41,10.32
135-37,5.77
18-17,96.91
64-149,36.03
74-139,13.24
60-177,5.94
60-125,39.05
70-192,118.71
64-163,3.19
193-131,3.17
163-156,6.82
142-103,56.63
43-21,8.14
127-193,23.38
191-125,46.24
37-3081,2.28
114-3118,79.53
192-177,18.78
110-35,2.65
176-34,173.49
142-40,25.5
24-117,115.97
176-125,280.42
18-70,31.19
76-3102,67.82
111-34,3.78
18-60,7.73
106-70,53.74
177-3112,1.82
16-127,32.91
26-28,88.58
54-27,2.98
129-106,29.06
104-150,25.63
179-192,18.22
130-122,165.79
129-115,23
139-20,7
34-3024,2.55
100-190,66.21
75-66,31.55
114-110,50.3
81-43,194.26
190-191,59.45
76-106,85.08
17-24,119.83
24-179,35.82
81-54,123.52
110-108,18.58
18-75,9.98
31-104,30.26
34-54,13.19
40-66,12.39
100-28,102.69
28-117,93.62
181-81,672.84
60-107,135.47
75-108,24.59
111-131,6.81
100-3112,121.4
116-116,50.94
20-41,47.58
76-3071,57.4
122-3118,78.67
115-68,84.31
110-17,26.59
74-41,18.8
106-193,5.47
103-146,23.92
171-21,78.19
75-69,20.25
43-116,1.51
108-139,16.9
106-29,25.64
179-191,10.52
44-194,9.64
31-40,154.22
149-54,1.33
66-110,6.63
177-129,1.93
176-69,403.36
193-125,10.46
145-171,8.77
192-104,11.8
66-135,9.31
131-106,17.41
76-110,50.67
66-24,23.88
44-11,3.42
108-135,17.91
43-110,2.86
191-116,19.35
192-108,28.51
192-100,20.31
192-142,52.89
41-3112,4.15
28-129,18.41
34-74,3.76
156-69,21.87
149-41,0.71
177-43,3.55
104-108,16.71
117-177,20.67
185-171,168.91
190-74,18.98
116-34,3.34
37-3024,2.79
28-86,165.18
111-116,5.02
179-81,27.52
26-17,55.48
28-181,41.62
27-25,0.53
17-104,13.15
41-34,9.82
68-108,57.02
26-76,41.06
18-28,51.44
116-85,46.83
107-190,5.75
68-100,88.96
17-60,34.27
193-17,10.9
150-165,473.56
181-194,348.72
85-47,60.63
127-107,272.23
40-47,21.75
176-47,17.1
81-191,573.09
29-35,10.62
88-81,509.2
110-150,18.33
131-142,171.91
181-18,185.38
86-110,108.83
111-122,59.5
21-20,67.25
27-122,1.23
136-116,1.61
41-20,9.42
88-142,255.69
66-25,1.29
104-131,11.59
181-27,26.86
106-149,5.75
60-70,29.66
125-142,35.85
70-111,105.74
176-11,421.77
81-149,95.63
179-114,21.49
139-116,4.11
69-111,9.03
142-26,20.28
193-116,10.07
179-135,4.71
152-192,27.92
135-115,21.29
127-110,100.33
41-107,4.99
125-81,31.7
179-171,16.89
74-26,38.71
35-28,4.07
110-127,9.9
149-115,6.05
16-3114,2.57
139-152,27.72
24-47,15.47
116-68,30.84
29-69,13.21
194-3117,254.04
129-3065,2.99
44-74,1.64
130-34,2.94
142-35,17.15
20-28,47.91
146-3065,1.96
37-75,4.55
25-24,1.3
28-108,64.65
103-3112,92.65
176-103,762.32
122-88,182.83
179-177,18.6
139-76,8.96
177-125,9.39
16-3112,8.92
117-31,64.22
31-31,493.66
177-194,29.56
69-25,0.53
75-20,37.59
69-156,5.22
115-3114,16.66
76-11,16.17
145-3071,8.42
64-44,28.09
152-150,334.25
18-11,29.64
190-21,11.74
191-130,49.57
104-74,24.91
68-3112,17.98
139-35,1.33
110-176,44.13
192-122,29.05
149-156,6.96
104-3118,35.54
88-165,65.12
166-158,16.28
111-191,14.12
146-166,15.18
47-142,1.13
111-100,87.59
16-16,212.79
194-37,30.56
24-193,32.35
64-70,111.87
130-185,37.36
75-18,19.89
111-3102,24.57
106-181,20.3
131-181,27.04
142-74,36.06
25-69,0.56
191-40,26.37
68-129,27.07
149-122,26.52
81-11,165.85
66-3114,5.9
129-66,19.81
100-75,30.96
150-127,37.8
28-163,3.37
192-37,5.12
29-139,13.84
100-27,6.55
122-115,177.13
130-107,10.65
29-17,91.26
171-27,5.18
192-3117,10.93
21-85,15.56
24-136,7.9
177-75,12.23
142-179,26.04
158-139,4.48
100-131,14.98
24-116,20.1
125-127,21
117-108,114.19
106-111,7.31
108-111,28.78
86-100,667.98
40-28,31.81
16-146,35.05
29-163,10.67
106-3101,26.3
166-130,11.05
68-37,16.19
131-54,53.69
103-69,35.54
110-142,19.88
86-70,351.99
70-64,206.97
181-139,121.08
145-117,5.16
26-3112,9.46
181-117,296.45
122-21,129.63
34-3118,1.23
185-18,522.54
27-17,1.77
107-81,11.27
136-106,1.71
149-40,0.56
139-122,31.19
69-130,10
130-86,15.23
70-37,17.73
193-3024,3.85
110-100,45.61
130-3065,4.12
88-115,364.02
26-100,30.35
43-35,5.32
16-Nov,67.1
130-69,9.74
135-3071,72.49
100-68,122.38
185-70,451.97
127-70,526.85
194-41,49.24
145-129,2.68
108-44,10.86
177-37,7.42
100-3065,16.08
122-11,102.9
11-131,27
111-136,2.59
122-70,406.58
106-130,16.42
100-3117,137.84
116-43,5.75
21-135,3.01
43-88,8.94
70-81,169.75
114-111,65.58
142-177,55.36
31-127,41.09
171-166,61.53
192-43,3.74
135-68,45.36
54-181,10.13
81-18,129.33
60-179,3.7
75-107,17.45
28-34,37.03
68-115,79.19
81-3081,349.09
41-100,13.84
116-25,1.28
85-177,83.2
85-37,75.63
192-190,63.9
156-24,40.31
66-47,2.65
74-3102,18.71
185-145,524.12
25-70,1.44
64-191,34.03
115-28,93.82
100-3118,69.24
37-21,10.88
115-127,56.75
21-29,72.27
179-66,8.45
139-37,1.29
171-86,128.44
86-107,64.01
108-125,39.48
103-20,32.22
69-127,11.74
16-103,24.42
74-40,23.73
100-34,8.21
54-100,32.73
54-16,32.34
44-86,8.86
21-177,4.29
185-106,165.74
85-125,220.52
16-37,20.96
130-179,5.56
11-100,17.12
129-54,25.75
127-20,51.1
88-107,295.66
20-31,86.59
117-3081,14.56
107-66,9.18
66-54,21.74
150-3081,47.51
11-116,12.92
18-149,8.97
181-20,140.26
158-179,0.5
176-3117,945.34
149-60,1.15
88-139,141.78
16-3071,26.61
68-116,25.4
88-190,322.62
17-16,203.65
185-156,322.42
117-3071,24.08
54-40,10.12
103-43,13.31
194-85,324.16
127-29,63.19
66-136,9.73
176-76,501.56
179-18,10.36
17-3118,4.42
25-29,0.52
103-176,137.45
158-190,1.21
20-18,67.48
17-115,21.51
11-156,17.75
122-3065,55.95
64-110,37.66
130-146,43.44
108-26,9.83
27-3102,2.33
129-75,14.23
37-103,8.83
115-43,19.9
31-44,52.74
115-25,2.78
193-114,12.05
150-190,142.34
176-111,55.81
26-70,36.22
20-3101,14.7
24-31,522.03
16-18,61.66
18-135,4.84
68-171,51.44
88-145,213.99
26-3117,25.18
145-115,9.46
54-17,41.47
106-110,8.82
176-43,287.98
150-86,108
117-37,17.71
114-131,6.67
146-115,20.1
192-110,15.23
75-29,15.87
139-34,0.62
60-54,128.46
104-68,32.13
117-111,97.22
181-130,105.6
117-117,286.76
68-117,68.86
106-135,7.68
74-192,36.73
21-146,9.79
185-74,235.22
176-29,745.09
191-139,63.04
114-74,32.01
135-108,35.38
150-3101,43.55
193-149,9.64
145-75,6.7
111-171,11.77
116-176,32.89
68-149,22.09
116-76,36.89
37-34,16.5
29-150,57.64
150-21,27.23
111-110,25.36
100-26,21.41
37-37,40.58
115-64,86.08
127-81,154.5
88-150,235.63
116-114,53.01
179-110,4.63
111-18,4.91
122-103,203.1
176-177,666.73
76-76,81.58
110-18,19.45
150-149,16.06
129-26,13.25
127-27,2.32
60-3081,1.8
28-11,45.61
135-69,15.89
16-25,2.54
17-76,11.99
24-68,92.74
60-17,284.77
150-116,11.48
86-3065,32.7
122-66,71.06
139-3071,4.25
69-191,4.65
129-158,2.93
76-130,9.6
25-28,0.77
110-129,5.38
107-103,30.72
26-108,16.23
125-31,29.55
193-117,18.42
17-3071,11.9
130-31,21.04
24-130,41.71
20-43,56.89
166-166,30.91
66-191,41.75
192-194,80.94
43-114,4.2
176-3081,1433.33
156-181,57.77
76-136,8.39
110-149,5.38
74-64,76.18
156-3081,21.75
74-24,52.3
60-81,35.7
21-24,74.93
64-54,62.64
85-3102,285.72
136-110,3.94
18-142,31.26
166-179,6.43
191-115,48.33
146-11,20.8
18-116,5.33
194-191,239.97
192-163,5.1
76-60,5.54
129-111,14.46
150-64,84.75
64-107,103.69
149-181,5.93
194-149,87.09
194-18,132.72
16-131,8.79
131-179,11.19
179-158,7.22
26-27,4.78
86-69,82.2
176-28,317.63
114-3081,19.53
117-122,79.61
110-177,5.27
64-171,40.24
37-28,20.83
85-127,340.75
156-76,36.39
68-110,14.08
37-3118,2.24
68-54,22.8
106-100,82.71
156-193,16.02
108-177,12.5
44-3112,2.6
116-191,30.04
Nov-43,46.03
11-114,16.72
191-122,191.74
70-54,69.55
21-26,30.91
44-106,2.39
190-114,12.8
150-171,130.72
176-176,4187.63
41-60,2.95
110-114,48.36
104-3117,18.39
37-26,5.2
106-47,0.58
44-111,0.87
107-64,14.74
100-20,53.15
76-3101,48.13
150-194,95.98
41-21,17.42
37-35,14.61
26-54,13.31
193-11,11.51
192-17,26.75
76-3081,21.94
64-106,100.75
76-156,22.56
179-70,26.01
18-29,79.9
135-185,49.76
17-103,17.93
166-35,2.75
146-145,454.13
177-74,10.14
115-152,29.75
116-3118,38.36
150-3117,21.69
25-194,0.72
74-116,32.37
85-142,276.58
28-114,52.67
68-122,75.84
31-110,6.62
171-26,52.74
181-60,49.91
Nov-37,25.73
54-74,7.42
37-107,1.52
122-100,418.55
142-3065,12.73
114-185,403.69
107-70,43.27
122-16,186.28
104-158,6.55
69-74,14.06
103-34,6.29
158-171,0.54
29-3112,16.81
64-76,108.9
152-194,54.58
76-66,21.01
31-116,21
75-111,21.98
20-85,55.9
100-130,26.69
139-60,0.68
130-171,14.27
177-110,13.55
16-74,46.06
179-139,4.58
106-68,21.87
18-3065,2.57
149-193,2.3
108-149,14.41
17-17,291.04
88-131,146.08
103-100,131.05
70-107,214.06
107-117,24.71
130-3071,10.4
185-68,258.87
28-68,120.23
181-17,486.68
115-100,124.32
60-75,18.38
70-76,267.69
145-142,116.65
88-28,215.09
11-127,22.71
146-3101,7.22
34-116,5.5
69-104,6.62
114-64,28.21
17-192,3.98
43-103,8.08
146-108,25.38
86-18,163.2
125-85,50.16
179-3118,12.17
114-107,124.41
127-47,29.74
75-81,88.11
122-47,82.98
47-108,0.65
66-40,16.5
115-111,86.01
152-152,199.65
41-3081,5.9
68-150,57.07
76-190,80.17
122-127,281.75
136-3102,1.57
17-68,71.18
88-122,415.68
69-35,0.53
111-127,16.62
149-81,16.74
185-85,157.78
60-3112,3.59
76-3117,32.78
115-3118,62.3
171-66,48.3
129-34,6.48
131-103,14.17
145-106,7.17
165-158,13.08
111-3081,2.67
69-131,5.17
106-190,14.41
31-3118,62.73
117-3065,21.47
35-165,2.85
85-3024,226.65
106-86,38.3
191-21,35.69
18-20,103.67
60-3118,4.43
163-150,18.49
21-11,27.46
114-127,104.42
179-122,15.1
31-21,89.78
43-85,7.44
106-21,19.24
158-75,1.28
171-135,41.14
76-21,54.44
142-17,45.4
176-192,635.46
41-69,6.8
107-111,8.32
192-3102,7.4
136-70,8.6
34-100,5.6
136-3081,1.05
75-3114,2.49
111-31,13.15
181-11,323.27
100-125,63.03
193-158,5.72
110-165,7.79
106-11,6.72
122-193,59.42
66-163,8.69
171-70,198.34
110-171,25.07
60-69,191.57
193-130,6.27
117-35,8.78
34-3101,2.43
85-108,373.22
86-64,186.92
20-21,180.44
24-76,82.05
122-68,125.95
146-117,18.2
191-25,2.19
18-Nov,35.4
54-20,14.47
125-40,7.09
116-26,13.38
117-70,164.99
35-3102,2.23
136-3101,3.96
191-34,25.96
150-28,61.58
150-193,24.31
179-131,4.13
85-129,62.07
86-191,140.3
24-110,46.93
139-114,10.66
171-149,109.32
17-3024,64.17
131-85,29.61
75-166,8.22
88-193,151.63
17-139,3.14
41-44,41.89
117-103,155.28
177-177,70.54
131-3102,10.05
85-28,428.31
127-18,58.79
11-163,9.87
127-122,684.95
149-24,5.32
18-130,14.69
136-88,12.68
103-142,39.78
117-192,31.75
127-130,104.63
116-44,6.94
81-35,66.51
18-68,28.41
100-24,38.76
103-103,152.57
122-27,21.95
86-54,128.93
104-85,25.4
43-17,7.05
104-111,6.2
40-110,0.85
40-24,7.88
85-60,49.53
24-40,120.55
115-24,50.68
54-3024,8.96
177-3065,2.92
31-26,75.59
75-127,33.58
158-152,3.3
68-194,48.51
122-190,76.44
177-66,7.42
100-70,434.84
114-3024,20.88
136-108,2.64
26-11,36.83
190-166,16.78
64-40,75.74
88-3024,177.73
125-3118,48.31
69-3101,20.32
76-16,32.06
16-70,68.52
27-70,1.21
69-27,1.28
76-44,9.47
88-110,351.42
54-3071,9.79
122-106,155.94
190-104,6.24
104-25,0.63
81-176,422.04
130-44,6.32
114-66,66.29
149-142,22.61
69-43,5.71
28-142,94.32
37-100,7.64
176-115,359.74
106-107,46.15
11-110,13.42
24-3102,42.03
194-179,68.31
139-3101,2.1
171-69,114.19
86-158,38.23
106-43,9.55
191-3102,38.45
35-85,4.21
185-75,192.79
145-21,10.41
74-110,21.21
86-34,49.34
176-171,1434.24
115-3065,25.82
35-176,11.93
64-29,245.36
37-69,10
115-122,62.57
100-139,14.53
104-104,26.43
179-28,16.85
194-44,21.84
68-17,43.42
190-116,7.48
28-18,107.34
177-127,11.48
31-88,108.6
130-35,3.92
64-3102,147.77
20-24,136.54
85-41,107.1
176-26,400.52
185-176,337.35
115-35,10.1
16-114,55.88
81-125,256.73
29-115,36.68
127-26,34.45
115-34,12.21
16-31,150.21
17-122,90.81
41-40,34.96
16-3081,15.61
125-190,29.61
60-150,15.54
44-44,28.01
139-107,5.03
193-3118,10.39
76-185,131.06
177-156,15.54
115-179,25.25
34-29,12.17
158-85,1.22
127-28,62.1
75-28,44.56
176-190,1404.82
64-24,107.72
68-85,64.15
104-149,16.13
70-110,122.24
64-193,44.96
86-142,171.81
85-194,613.97
76-171,25.9
88-135,169.31
85-43,121.19
29-103,42.71
69-177,5.91
24-3117,22.75
18-194,23.63
135-177,12.72
76-70,184.16
29-107,19.85
28-28,326.24
86-125,74.47
146-131,102.79
100-115,147.47
139-181,22.75
44-152,4.17
17-28,90.87
127-179,107.06
165-165,74.94
24-139,16.52
34-165,3.2
194-16,129.94
190-75,12.84
156-122,62.59
44-64,8.05
177-111,10.38
26-16,93.42
107-86,13.84
69-76,7.62
156-68,27.94
44-34,3.23
129-131,4.25
85-171,124.03
111-85,84.85
176-85,789.41
171-47,5.4
122-185,120.09
70-3112,483.66
114-181,43.87
64-3112,74.76
150-17,59.24
176-131,91
31-3101,80.45
64-136,17.73
149-176,29.31
139-11,8.52
60-116,9.38
40-3112,28.61
40-150,9.34
85-64,293.13
111-181,23.36
166-181,16.28
60-29,368.12
41-17,28.15
192-158,2.02
70-3101,375.37
158-177,2.79
35-3065,1.27
107-130,5.97
192-3065,2.04
86-68,209.93
158-130,1.33
81-116,74.44
122-3114,69.59
40-100,4.2
116-115,49.92
190-66,15.13
25-100,2.89
122-44,610.82
149-103,3.24
110-181,26.97
100-110,213.76
81-20,159.97
75-16,38.78
18-3101,9.75
69-136,5.4
44-88,7.68
16-60,25.75
34-117,7.75
69-181,20.56
29-122,52.03
69-28,14.39
37-127,2.36
70-177,51.42
115-60,15.54
81-37,78.81
11-150,44.24
64-165,13.15
100-193,12.92
66-192,10.7
177-106,7.3
181-116,76.02
181-192,204.4
111-17,22.63
35-3071,2.87
179-107,14.43
107-104,35.06
150-156,512.86
177-176,48.41
108-41,8.63
108-3102,156.88
70-104,120.67
69-103,36.95
190-11,12.67
114-24,42.72
44-24,8.55
130-177,17.24
122-85,173.74
114-68,37.82
103-70,147.43
18-3118,7.83
66-11,47.61
66-35,10.83
139-194,11.68
69-3118,29.04
192-75,28.91
86-190,250.08
64-3071,57.23
70-127,457.45
142-108,33.04
16-110,10.89
194-3071,478.07
66-3065,10.65
17-25,1.2
107-106,22.12
125-130,12.65
40-70,34.49
193-3114,2.13
28-75,53.25
81-185,549.57
190-115,20.9
179-26,11.7
114-100,161.85
146-81,43.75
108-176,31.94
115-47,2.35
103-3117,70.47
86-85,167.64
60-44,24.48
116-16,27.57
142-68,79.19
125-176,29.36
76-131,8.69
103-110,73.97
115-158,5.61
142-70,156.1
103-136,6.4
136-69,2.04
194-181,339.92
122-60,46.88
20-115,28.95
127-3071,276.61
104-194,40.82
70-3102,320.8
108-106,79.21
166-70,17.4
142-24,43.25
130-104,11.19
139-139,72.21
85-106,479.38
47-122,2.31
194-194,1070.34
85-193,239.96
115-54,29.01
176-145,308.65
122-76,175.97
135-114,17.33
166-122,13.82
110-64,23.44
29-3071,24.53
185-40,389.08
158-194,3.45
70-17,184.31
104-103,30.39
122-104,148.91
149-149,29.49
88-11,128.16
110-24,17.8
127-135,126.43
47-24,1.34
85-35,95.5
194-40,18.55
47-21,0.77
74-68,34.59
40-21,25.86
108-104,23.37
75-122,53.31
142-111,22.93
21-47,0.81
107-122,23.7
185-179,225.7
21-114,33.73
176-24,257.23
131-3065,7.59
114-114,492.03
81-26,200.92
130-3081,4.15
150-166,178.39
81-34,147.5
40-29,40.1
100-3071,128.9
115-20,24.86
190-190,76.34
21-35,6.45
34-3071,1.37
85-176,485.39
107-114,19.26
88-85,1143.69
Nov-01,8.56
64-64,263.82
18-40,17.46
111-111,38.86
66-125,34.46
125-125,92.23
136-149,4.76
60-130,27.06
194-122,258.1
44-85,6.09
81-190,478.69
127-75,409.54
116-37,5.35
194-108,131.68
100-179,28.9
41-115,5.76
129-100,37.67
64-86,175.66
145-181,8.3
29-108,17.65
68-21,68.7
107-107,58
108-66,12.73
54-3117,14.4
75-75,89.48
76-125,42.6
142-69,52.69
110-41,4.15
191-66,68.16
41-11,15.64
146-146,261.99
26-103,16.07
149-166,5.46
150-152,365.69
114-3101,104.58
181-135,135.9
104-3024,45.33
129-177,5.07
150-29,47.46
116-3024,15.39
158-181,5.39
64-150,44.81
74-122,101.39
156-150,215.48
29-75,22.54
122-135,363.06
192-127,16.64
16-100,35.77
106-136,5.98
44-40,7.8
107-76,21.68
107-68,18.97
41-28,25.89
130-130,170.2
176-122,809.21
106-3081,9.36
103-54,8.77
114-125,40.41
100-122,93.12
70-181,187.95
114-28,38.67
114-103,178.02
70-27,15.33
69-114,27.92
74-88,176.74
176-25,31.13
190-192,32.09
115-86,148.51
66-122,114.71
28-150,67.35
145-69,13.95
31-85,89.81
185-117,189.52
70-3081,187.4
103-37,10.51
43-171,4.35
115-114,107.83
68-185,100.08
64-3117,141.05
41-3102,4.61
66-34,6.95
103-40,19.42
122-64,161.63
104-3114,7.46
85-100,573.05
35-21,9.5
74-70,115.94
17-117,24.7
122-166,68.48
111-41,3
107-21,9.3
26-26,51.15
149-16,8.56
108-122,44.9
60-37,149.02
156-85,55.3
107-135,3.36
106-106,94.89
75-68,22.67
86-24,184
26-37,11.58
156-156,167.88
Nov-81,108.46
125-3114,8.28
125-44,8.93
75-190,38.89
139-158,2.39
107-129,1.03
108-114,83.04
17-35,58.13
114-54,18.14
185-185,1121.35
85-85,893.83
122-129,103.23
104-66,15.13
131-130,64.77
100-149,9.13
139-44,2.74
122-122,1600.23
44-3102,3.14
54-122,40.51
86-40,66.33
74-85,129.82
27-31,0.62
43-29,14.6
43-28,7.23
145-145,76.01
176-66,398.64
185-3118,664.73
81-194,417.72
104-34,11.52
85-86,1124.65
110-85,74.36
192-3114,0.86
106-122,32.13
114-142,46.66
Nov-02,6.3
43-43,44.99
70-108,390.79
21-70,53.26
110-44,5.83
18-111,12.47
193-3071,12.43
194-81,355.13
142-145,184.84
34-24,14.45
114-88,147.26
117-25,0.77
190-3101,5.67
108-179,6.96
34-34,29.61
11-115,48.18
70-66,124.53
142-165,59.43
176-179,832.22
122-74,87.25
179-115,12.75
16-122,96.49
125-122,48.88
70-74,276.19
193-194,89.28
176-81,976.45
